user id,age,gender,occupation,unknown,Action,Adventure,Animation,Children's,Comedy,Crime,Documentary,Drama,Fantasy,Film-Noir,Horror,Musical,Mystery,Romance,Sci-Fi,Thriller,War,Western
1,24,M,technician,1,75,42,12,25,91,25,5,107,2,1,13,13,5,44,43,52,25,6
2,53,F,other,0,10,3,1,4,16,9,0,35,1,2,2,1,4,16,4,12,3,0
3,23,M,writer,0,14,4,0,0,12,10,1,22,0,2,5,2,11,5,8,21,5,0
4,24,M,technician,0,8,4,0,0,4,4,1,6,0,0,1,1,5,3,6,11,2,0
5,33,F,other,1,56,33,14,29,82,9,0,27,2,1,28,12,3,19,33,19,14,2
6,42,M,executive,0,25,22,10,20,66,14,1,104,3,6,4,13,12,41,13,24,21,5
7,57,M,administrator,0,95,58,13,36,88,32,5,146,7,11,47,26,21,56,48,77,41,18
8,36,M,administrator,0,39,17,0,3,10,9,0,17,0,1,1,0,1,7,17,18,11,3
9,29,M,student,0,4,3,0,0,6,0,0,11,0,1,1,0,1,8,4,5,5,0
10,53,M,lawyer,0,25,14,7,8,47,16,3,81,1,9,6,14,15,36,12,34,20,5
11,39,F,other,0,33,16,0,6,74,14,0,82,2,1,5,1,12,42,23,33,18,5
12,28,F,other,0,14,7,1,3,13,2,0,24,0,0,1,3,3,13,7,12,7,2
13,47,M,educator,0,156,73,16,52,188,45,13,218,12,14,75,31,33,105,65,121,41,13
14,45,M,scientist,0,18,14,6,6,35,6,2,39,1,3,1,5,6,21,13,13,10,1
15,49,F,educator,0,22,12,2,7,28,6,0,48,3,2,2,2,7,25,12,25,10,0
16,21,M,entertainment,0,30,12,8,11,39,19,0,56,1,6,9,10,8,27,16,34,13,3
17,30,M,programmer,0,4,4,1,3,8,2,0,17,0,0,0,0,0,5,3,4,4,0
18,35,F,other,0,25,18,12,19,102,12,4,141,4,4,5,24,9,68,15,23,27,4
19,40,M,librarian,0,5,3,0,1,12,0,0,11,0,0,2,1,0,5,1,2,1,1
20,42,F,homemaker,0,19,13,4,8,14,2,0,13,2,0,2,4,1,8,10,13,8,0
21,26,M,writer,0,39,16,9,12,32,15,1,47,2,2,61,7,9,15,23,66,6,0
22,25,M,writer,0,66,35,0,8,72,8,0,16,1,1,5,4,3,19,25,23,15,4
23,30,F,artist,0,39,28,11,15,50,7,1,54,2,2,5,16,5,34,30,21,13,4
24,21,F,artist,0,8,8,1,5,20,8,0,37,0,0,2,3,2,16,6,15,5,1
25,39,M,engineer,0,20,15,9,11,26,2,0,25,1,1,2,6,2,12,17,15,9,1
26,49,M,engineer,0,35,17,2,4,33,9,0,41,0,1,3,0,6,20,16,29,8,1
27,40,F,librarian,0,10,4,1,1,1,1,0,12,0,0,2,1,1,3,4,13,4,0
28,32,M,writer,0,26,16,2,3,11,6,0,18,1,1,22,4,3,7,27,31,5,1
29,41,M,programmer,0,10,1,1,2,7,5,0,15,0,2,1,0,2,4,4,17,5,1
30,7,M,student,0,18,14,1,5,19,3,0,12,1,0,0,3,1,12,10,9,5,1
31,24,M,artist,0,5,3,0,0,5,4,3,13,0,4,1,2,9,10,3,9,2,0
32,28,F,student,0,15,10,2,2,15,4,0,14,0,0,2,0,2,8,9,11,5,0
33,23,M,student,0,11,1,0,0,1,3,0,9,0,0,5,0,5,4,4,15,3,0
34,38,F,administrator,0,1,0,0,1,4,5,0,13,0,1,1,1,2,3,0,4,3,0
35,20,F,homemaker,0,11,4,0,3,7,2,0,7,0,0,0,0,4,3,3,11,2,0
36,19,F,student,0,3,1,0,2,6,1,0,8,0,0,4,2,4,5,1,6,0,0
37,23,M,student,0,50,20,0,0,3,9,0,7,1,1,3,0,1,9,17,27,5,0
38,28,F,other,0,32,23,10,30,43,2,0,24,3,1,18,12,3,18,15,24,7,1
39,41,M,entertainment,0,4,0,0,0,7,2,0,11,0,1,2,2,3,4,2,8,0,0
40,38,M,scientist,0,8,2,0,2,11,3,0,18,0,1,1,0,3,3,5,11,4,0
41,33,M,engineer,0,12,5,2,3,19,4,0,24,1,0,0,2,2,13,9,10,11,2
42,30,M,administrator,0,43,31,13,21,59,6,1,66,5,0,8,13,5,43,25,36,10,3
43,29,F,librarian,0,51,28,20,27,87,17,1,81,6,1,7,16,8,60,20,40,18,4
44,26,M,technician,0,44,34,11,16,44,10,1,51,2,1,11,14,8,25,37,34,18,2
45,29,M,programmer,0,10,12,5,8,24,4,0,12,3,1,1,4,0,9,7,7,3,0
46,27,F,marketing,0,8,3,1,2,3,5,0,15,0,0,2,1,4,8,3,9,5,0
47,53,M,marketing,0,1,1,0,1,5,3,1,12,0,1,2,1,5,3,1,5,1,0
48,45,M,administrator,0,13,11,1,7,17,7,1,30,2,4,2,4,5,10,7,12,10,1
49,23,F,student,0,37,20,21,29,88,25,2,71,5,3,18,17,8,35,28,41,7,0
50,21,M,writer,0,0,0,0,0,2,5,1,17,0,1,2,1,3,8,0,4,1,0
51,28,M,educator,0,9,10,0,1,5,1,0,9,0,0,1,3,2,8,4,3,3,1
52,18,F,student,0,9,7,3,4,12,3,0,30,0,2,1,3,4,9,8,9,6,0
53,26,M,programmer,0,15,9,0,1,5,4,0,8,0,0,0,0,0,5,9,8,4,0
54,22,M,executive,0,29,15,3,3,11,9,1,21,2,2,3,0,8,10,11,30,5,0
55,37,M,programmer,0,17,9,0,0,1,3,0,4,0,1,0,0,1,3,6,10,4,0
56,25,M,librarian,0,70,41,18,25,81,7,0,39,4,1,10,13,3,36,37,39,12,6
57,16,M,none,0,31,18,5,12,46,8,0,22,3,0,2,3,2,13,19,27,9,0
58,27,M,programmer,0,25,16,6,6,59,14,5,67,1,3,3,3,7,37,18,30,13,1
59,49,M,educator,0,73,44,17,31,107,23,4,162,5,12,25,21,16,75,39,71,33,11
60,50,M,healthcare,0,42,29,6,19,51,8,0,85,5,7,12,18,15,36,30,38,24,5
61,36,M,engineer,0,6,3,0,2,6,1,0,7,0,0,0,0,4,3,2,8,2,0
62,27,F,administrator,0,64,42,5,14,60,13,2,108,4,3,10,11,7,54,35,48,26,2
63,31,M,marketing,0,15,8,5,8,31,4,1,42,0,1,1,4,5,19,8,21,5,0
64,32,M,educator,0,60,37,9,19,56,16,5,78,4,1,12,13,6,36,33,39,26,4
65,51,F,educator,0,11,7,1,3,29,5,2,46,1,0,1,0,5,23,9,9,8,4
66,23,M,student,0,16,9,1,1,9,3,0,14,0,0,1,1,1,8,8,12,5,0
67,17,M,student,0,12,6,2,2,15,2,0,4,1,0,2,0,1,2,3,6,2,0
68,19,M,student,0,9,5,1,1,8,1,0,18,1,0,1,1,1,11,6,6,6,0
69,24,M,engineer,0,20,8,1,1,12,11,2,28,0,1,4,1,5,11,10,24,6,0
70,27,M,engineer,0,48,37,22,34,42,5,2,28,6,1,7,21,4,20,34,21,11,0
71,39,M,scientist,0,6,6,0,1,8,5,0,23,0,2,0,1,2,8,8,4,4,1
72,48,F,administrator,0,46,24,1,2,20,16,2,67,1,6,2,1,12,20,21,40,18,5
73,24,M,student,0,10,4,3,4,17,7,2,31,0,2,2,2,2,12,13,15,6,0
74,39,M,scientist,0,7,2,0,1,6,4,1,22,0,1,3,0,6,7,4,12,4,0
75,24,M,entertainment,0,18,10,6,7,35,5,0,20,3,0,2,2,3,12,7,19,5,0
76,20,M,student,0,11,6,0,0,12,14,1,46,0,1,4,1,9,18,18,19,6,1
77,30,M,technician,0,27,18,1,3,16,4,0,31,0,2,2,3,3,14,17,14,14,1
78,26,M,administrator,0,3,1,0,0,12,1,1,6,1,0,1,1,1,4,3,3,0,0
79,39,F,administrator,0,6,3,1,1,14,2,2,38,0,0,1,1,3,14,5,7,5,0
80,34,F,administrator,0,4,1,0,1,6,2,0,18,1,0,2,0,1,8,3,5,4,0
81,21,M,student,0,10,5,4,5,24,3,0,23,1,0,2,4,2,11,4,13,3,0
82,50,M,programmer,0,30,25,14,23,54,9,1,58,3,3,10,11,9,32,16,27,18,4
83,40,M,other,0,46,29,6,29,74,5,0,42,6,0,4,6,6,33,13,32,12,2
84,32,M,executive,0,17,7,3,6,23,6,0,26,1,1,0,3,3,15,5,22,8,1
85,51,M,educator,0,46,32,10,23,87,11,2,152,2,5,4,24,14,52,26,29,33,8
86,26,M,administrator,0,5,1,0,2,7,1,0,8,0,0,1,2,2,6,2,5,4,0
87,47,M,administrator,0,75,33,0,8,113,19,2,51,4,2,4,8,2,40,30,31,19,10
88,49,F,librarian,0,4,0,0,2,7,2,0,12,1,1,0,1,1,6,0,5,3,0
89,43,F,administrator,0,11,8,2,2,37,3,1,39,0,0,0,1,1,37,7,3,4,0
90,60,M,educator,0,31,15,1,9,78,20,6,173,2,8,8,13,19,69,11,49,29,5
91,55,M,marketing,0,33,18,3,6,11,7,0,46,1,2,6,6,9,15,16,24,19,3
92,32,M,entertainment,0,103,55,15,24,130,33,4,133,6,4,28,18,15,69,56,101,27,5
93,48,M,executive,0,4,4,2,4,9,0,0,8,1,0,0,0,0,7,3,1,2,0
94,26,M,student,0,102,52,20,37,128,33,4,155,6,9,29,24,16,67,47,74,34,14
95,31,M,administrator,0,78,55,18,47,81,8,2,97,7,2,17,22,9,57,36,44,29,9
96,25,F,artist,0,15,5,1,4,15,7,2,17,1,4,5,1,3,11,11,15,7,1
97,43,M,artist,0,16,14,5,4,20,3,2,22,1,2,3,3,4,8,18,13,6,3
98,49,F,executive,0,3,3,0,0,25,1,0,5,0,0,0,2,2,7,1,2,2,1
99,20,M,student,0,39,17,3,2,45,16,0,53,1,0,8,2,8,30,9,44,10,2
100,36,M,executive,0,13,3,0,1,12,4,0,31,1,2,3,1,4,9,5,19,5,0
101,15,M,student,0,20,18,3,6,25,1,0,18,3,0,3,1,1,15,10,16,4,1
102,38,M,programmer,0,101,49,14,17,70,23,0,39,5,3,28,12,10,32,45,57,17,4
103,26,M,student,0,17,9,0,0,8,3,0,6,0,0,1,0,1,6,9,8,6,0
104,27,M,student,0,25,10,0,0,32,18,1,57,1,3,3,1,10,20,13,28,10,1
105,24,M,engineer,0,6,1,0,0,2,3,0,11,0,1,3,0,5,5,5,9,3,0
106,61,M,retired,0,12,8,1,4,20,4,1,40,0,0,0,0,1,18,1,9,6,2
107,39,M,scientist,0,4,1,0,1,5,4,0,9,0,1,2,0,6,3,3,9,2,0
108,44,M,educator,0,11,7,1,2,9,2,0,14,0,0,0,2,2,11,7,6,6,0
109,29,M,other,0,87,47,7,15,72,22,0,72,6,2,16,10,7,36,41,64,17,2
110,19,M,student,0,50,13,0,4,48,14,0,43,1,1,6,1,4,26,11,40,8,4
111,57,M,engineer,0,3,1,0,1,5,2,0,13,0,1,1,0,4,6,1,6,2,0
112,30,M,salesman,0,10,1,0,0,8,8,0,27,0,1,1,1,7,8,1,19,5,0
113,47,M,executive,0,11,3,0,0,9,6,0,28,0,1,2,2,6,9,6,17,4,0
114,27,M,programmer,0,9,5,0,0,11,6,0,22,0,2,2,2,6,5,12,13,8,1
115,31,M,engineer,0,25,11,3,3,12,11,4,41,1,6,4,2,4,12,12,27,9,3
116,40,M,healthcare,0,33,15,2,5,20,14,1,72,0,3,5,3,16,28,20,44,11,3
117,20,M,student,0,32,19,4,6,25,6,0,24,2,0,6,5,2,13,23,30,7,0
118,21,M,administrator,0,13,10,0,1,10,9,2,28,1,1,20,2,5,5,12,21,9,0
119,32,M,programmer,0,60,32,1,4,43,15,1,82,2,3,3,5,5,31,25,50,15,1
120,47,F,other,0,13,9,1,1,3,1,0,14,0,0,0,0,1,4,5,7,6,0
121,54,M,librarian,0,19,9,1,1,13,7,1,43,2,0,0,0,5,17,10,17,10,0
122,32,F,writer,0,5,3,0,1,10,5,0,47,1,1,0,1,3,10,5,5,5,4
123,48,F,artist,0,5,3,1,2,13,6,1,33,0,1,2,6,2,17,2,9,5,1
124,34,M,student,0,12,5,1,1,5,1,0,8,0,0,1,1,0,3,7,10,4,0
125,30,M,lawyer,0,33,17,2,9,118,8,1,41,3,1,3,10,7,37,20,24,21,4
126,28,F,lawyer,0,13,1,0,2,7,4,1,23,0,1,4,2,9,9,3,18,4,0
127,33,M,none,0,14,11,0,1,3,0,0,5,0,0,2,0,0,4,13,3,4,0
128,24,F,marketing,0,32,23,9,19,58,4,2,85,1,1,0,18,8,59,14,25,13,2
129,36,F,marketing,0,6,2,0,1,4,3,0,18,0,1,2,0,3,9,2,11,3,0
130,20,M,none,1,120,57,19,35,92,30,1,102,5,3,35,17,12,47,55,102,17,3
131,59,F,administrator,0,2,0,1,1,7,5,1,21,0,1,0,0,2,6,0,2,2,0
132,24,M,other,0,4,2,0,1,4,5,0,12,0,1,0,0,2,3,3,3,3,1
133,53,M,engineer,0,8,3,0,4,7,2,0,11,1,0,1,0,4,6,5,9,3,0
134,31,M,programmer,0,9,0,1,4,9,1,0,10,1,1,0,0,2,5,1,9,3,0
135,23,M,student,0,22,10,0,0,4,11,0,17,0,2,8,0,4,4,11,28,2,2
136,51,M,other,0,6,2,0,0,6,3,2,24,0,2,0,0,2,8,5,4,5,0
137,50,M,educator,0,28,14,1,4,13,2,0,9,3,1,1,1,3,11,14,14,8,1
138,46,M,doctor,0,6,4,1,2,18,6,0,25,0,1,1,2,4,10,3,9,6,1
139,20,M,student,0,2,1,0,0,2,4,0,19,0,1,2,0,2,5,1,4,3,0
140,30,F,student,0,2,1,0,1,6,3,0,9,0,1,1,2,3,6,1,6,2,0
141,49,M,programmer,0,31,14,1,6,37,8,1,36,1,1,1,0,5,20,13,34,8,0
142,13,M,other,0,9,4,3,3,13,2,0,8,0,1,2,3,4,4,6,12,2,0
143,42,M,technician,0,5,2,0,0,2,1,0,9,0,0,3,0,5,3,2,11,4,0
144,53,M,programmer,0,48,18,2,7,52,21,5,116,3,4,5,5,14,41,23,44,22,3
145,31,M,entertainment,0,81,44,4,13,93,29,0,102,7,7,33,4,19,60,49,99,19,5
146,45,M,artist,0,5,3,0,1,8,5,2,13,1,1,1,1,5,5,3,9,3,0
147,40,F,librarian,0,3,1,0,1,5,1,0,14,0,1,0,1,1,4,2,3,2,0
148,33,M,engineer,0,12,15,14,15,20,3,0,25,0,1,2,11,2,9,13,5,10,1
149,35,F,marketing,0,7,0,0,1,10,4,0,25,1,1,0,1,5,6,1,11,3,0
150,20,F,artist,0,7,3,1,2,9,6,0,17,0,0,2,1,3,9,4,7,4,0
151,38,F,administrator,0,45,28,10,15,110,12,3,137,3,11,11,22,20,76,30,46,25,8
152,33,F,educator,0,15,7,2,6,54,2,0,43,2,0,2,8,1,51,4,8,12,2
153,25,M,student,0,12,4,0,0,3,4,0,12,0,0,0,0,1,5,4,7,4,1
154,25,M,student,0,8,5,0,0,10,6,0,25,0,5,3,2,8,8,10,8,8,0
155,32,F,other,0,6,1,0,0,4,2,0,9,0,0,1,1,4,8,0,10,3,0
156,25,M,educator,0,6,1,0,0,4,6,1,29,0,0,0,0,1,3,0,5,10,3
157,57,M,engineer,0,18,5,1,1,18,5,0,21,0,0,0,1,1,13,5,12,4,0
158,50,M,educator,0,81,37,2,2,55,27,0,48,2,5,6,2,7,33,35,39,22,6
159,23,F,student,0,30,11,2,7,43,9,0,30,3,1,1,7,6,28,11,27,6,0
160,27,M,programmer,0,24,13,6,5,33,17,2,51,1,4,8,3,8,16,11,26,7,2
161,50,M,lawyer,0,13,7,1,4,18,6,1,31,0,1,0,3,3,17,5,7,8,2
162,25,M,artist,0,18,11,1,2,11,7,0,10,0,0,1,0,0,5,10,14,4,0
163,49,M,administrator,0,5,1,0,0,7,1,0,14,0,0,2,0,0,3,1,5,4,1
164,47,M,healthcare,0,27,12,0,0,7,7,0,25,2,2,2,0,7,10,8,33,7,0
165,20,F,other,0,10,5,2,5,7,4,0,12,0,0,1,3,2,6,6,9,6,0
166,47,M,educator,0,7,0,0,2,6,1,0,6,0,0,2,0,2,5,2,9,2,0
167,37,M,other,0,12,8,4,7,25,1,2,26,0,1,4,1,4,13,6,10,7,3
168,48,M,other,0,22,12,3,6,25,2,0,23,2,0,2,3,2,14,10,22,4,0
169,52,F,other,0,11,7,1,3,10,2,0,12,1,1,2,2,3,8,7,7,9,0
170,53,F,healthcare,0,7,1,0,2,7,2,0,7,0,1,1,0,3,3,1,10,3,0
171,48,F,educator,0,3,1,0,1,2,3,1,22,0,1,1,0,2,6,2,5,4,0
172,55,M,marketing,0,2,1,0,0,8,1,0,12,0,3,1,1,2,8,1,4,2,1
173,56,M,other,0,9,1,0,1,11,6,0,21,0,2,0,2,7,6,2,13,6,0
174,30,F,administrator,0,17,16,4,21,90,14,0,72,2,2,2,7,5,44,6,26,6,2
175,26,F,scientist,0,13,4,1,3,6,7,0,18,0,0,3,5,0,7,6,12,6,1
176,28,M,scientist,0,14,8,1,1,19,5,0,36,0,0,2,2,4,13,11,11,3,0
177,20,M,programmer,0,33,10,1,3,24,21,0,52,0,5,6,4,12,18,22,34,11,2
178,26,M,other,0,87,44,8,15,78,21,0,99,2,5,10,11,15,68,33,69,28,8
179,15,M,entertainment,0,9,2,1,1,11,5,0,20,0,2,5,2,6,4,5,15,2,0
180,22,F,administrator,0,16,8,0,1,24,4,0,28,1,0,1,1,2,21,8,12,6,0
181,26,M,executive,1,58,31,9,27,132,29,13,188,6,3,15,8,17,61,21,76,14,2
182,36,M,programmer,0,6,5,2,3,9,2,1,12,1,0,1,1,2,7,7,2,6,1
183,33,M,scientist,0,29,18,0,2,9,3,0,11,0,0,0,1,4,12,20,16,6,3
184,37,M,librarian,0,37,21,6,11,75,15,5,141,3,5,9,14,9,67,19,26,21,3
185,53,F,librarian,0,5,2,1,1,10,3,1,32,1,1,1,0,2,11,5,7,9,0
186,39,F,executive,0,30,13,5,10,13,13,0,25,2,3,2,4,10,7,7,51,2,3
187,26,M,educator,0,8,3,0,2,23,0,1,31,1,0,0,3,3,16,5,5,5,2
188,42,M,student,0,38,18,1,3,24,11,0,44,0,2,6,5,5,22,12,34,18,4
189,32,M,artist,0,29,19,8,16,47,10,3,96,2,7,3,16,15,51,15,31,21,4
190,30,M,administrator,0,23,8,1,2,4,8,0,26,0,3,2,1,7,9,4,27,4,0
191,33,M,administrator,0,7,1,0,0,4,4,0,15,0,1,3,0,3,4,2,12,2,0
192,42,M,educator,0,8,4,0,0,12,3,1,18,0,1,0,1,1,9,7,4,4,0
193,29,M,student,0,37,16,2,6,42,13,0,38,2,1,8,4,8,29,9,29,6,4
194,38,M,administrator,0,68,47,17,31,101,20,0,126,4,6,9,21,10,55,30,40,35,13
195,42,M,scientist,0,36,14,1,6,18,5,1,40,1,1,3,5,3,17,17,26,5,0
196,49,M,writer,0,3,4,0,2,32,0,1,11,1,0,0,0,0,11,2,0,2,0
197,55,M,technician,0,76,32,1,2,17,18,0,37,0,3,6,3,6,22,24,36,17,5
198,21,F,student,0,56,32,6,8,49,13,1,72,3,4,13,8,7,33,31,40,20,5
199,30,M,writer,0,5,2,4,7,15,1,1,17,1,0,0,2,3,9,2,7,2,0
200,40,M,programmer,0,79,57,16,42,52,10,1,61,10,2,10,17,4,36,43,50,17,4
201,27,M,writer,0,87,39,11,12,70,41,6,196,2,9,41,14,17,59,40,92,31,7
202,41,F,educator,0,5,2,1,2,8,0,0,9,1,1,0,0,2,4,7,2,4,0
203,25,F,student,0,14,12,2,5,11,6,0,19,0,0,1,1,0,7,8,10,7,0
204,52,F,librarian,0,4,2,1,3,12,5,1,24,0,1,1,0,4,6,2,10,4,0
205,47,M,lawyer,0,6,1,0,2,5,0,0,11,0,0,0,1,3,6,1,9,2,0
206,14,F,student,0,11,0,0,2,9,6,2,32,1,3,4,1,5,12,4,20,5,0
207,39,M,marketing,0,57,18,2,5,84,23,3,100,3,2,3,5,8,51,17,51,19,6
208,43,M,engineer,0,2,1,0,1,25,3,0,9,0,1,1,1,1,14,1,2,2,2
209,33,F,educator,0,6,5,2,2,10,3,2,13,0,0,1,0,1,9,4,5,4,0
210,39,M,engineer,0,35,17,7,14,59,9,0,44,5,4,7,8,5,31,19,19,15,3
211,66,M,salesman,0,14,10,1,3,4,1,0,20,1,0,1,2,0,6,5,4,8,0
212,49,F,educator,0,3,1,0,1,2,1,1,21,1,0,0,0,1,5,2,0,8,0
213,33,M,executive,0,36,23,2,5,30,14,1,56,0,0,6,4,4,23,20,34,23,1
214,26,F,librarian,0,23,10,3,3,33,19,2,69,0,2,4,4,11,30,15,25,11,0
215,35,M,programmer,0,30,19,2,7,20,6,0,40,1,1,6,5,2,17,28,20,12,1
216,22,M,engineer,0,30,17,5,6,54,14,0,57,2,2,7,3,4,22,12,24,10,1
217,22,M,other,0,69,29,0,1,5,8,0,10,1,0,4,0,1,9,21,32,6,2
218,37,M,administrator,0,11,3,0,1,26,10,0,18,0,3,3,2,3,6,6,20,2,1
219,32,M,programmer,0,7,2,2,2,8,0,0,15,0,0,1,2,1,5,5,6,3,0
220,30,M,librarian,0,3,0,0,0,5,1,0,10,0,0,3,2,2,4,4,8,1,0
221,19,M,student,0,54,26,2,6,47,21,3,47,1,0,4,3,3,21,23,40,9,1
222,29,M,programmer,0,115,62,19,43,131,29,1,128,6,5,27,20,13,61,52,78,27,8
223,19,F,student,0,22,12,7,14,45,6,0,31,3,0,4,7,6,23,7,28,5,1
224,31,F,educator,0,25,11,0,2,19,11,0,104,1,0,1,0,7,36,7,30,14,5
225,51,F,administrator,0,5,2,1,1,6,2,0,15,0,0,0,4,2,6,1,6,4,1
226,28,M,student,0,8,4,3,1,11,5,1,28,0,1,0,2,3,6,9,11,5,2
227,46,M,executive,0,10,3,1,0,17,8,0,29,1,1,1,1,4,10,5,13,3,0
228,21,F,student,0,2,2,0,1,3,2,0,16,0,0,1,0,1,5,1,3,3,0
229,29,F,librarian,0,9,1,0,0,4,2,0,19,0,1,1,0,4,8,3,13,2,0
230,28,F,student,0,33,25,12,24,32,7,0,50,3,2,5,18,5,27,16,22,17,6
231,48,M,librarian,0,10,6,1,2,5,1,0,8,0,0,0,1,1,7,4,4,4,0
232,45,M,scientist,0,17,9,1,6,24,6,3,58,1,1,1,8,4,26,11,9,16,2
233,38,M,engineer,0,17,11,7,15,25,12,2,63,1,2,2,9,4,20,8,12,16,4
234,60,M,retired,0,65,50,16,49,143,33,7,213,8,15,18,36,26,94,31,79,38,11
235,37,M,educator,0,16,11,1,2,31,4,1,48,0,0,1,3,4,22,12,12,16,1
236,44,F,writer,0,28,16,4,10,28,8,0,62,2,1,5,9,7,30,14,28,15,6
237,49,M,administrator,0,7,2,2,1,10,4,0,23,1,3,2,2,6,10,5,14,11,0
238,42,F,administrator,0,9,6,1,2,13,0,0,7,0,0,0,1,1,10,6,5,4,0
239,39,M,artist,0,19,13,2,6,43,10,4,76,1,5,9,9,13,28,17,22,21,2
240,23,F,educator,0,10,1,0,0,4,3,0,7,0,1,5,1,2,5,3,12,3,0
241,26,F,student,0,5,0,0,0,2,4,0,12,0,1,5,0,4,3,2,10,2,0
242,33,M,educator,0,0,1,1,1,3,2,0,11,0,0,0,0,1,10,0,3,2,0
243,33,M,educator,0,6,4,1,6,27,3,1,59,1,0,1,0,1,26,2,4,8,1
244,28,M,technician,0,47,20,9,8,101,8,1,100,2,2,8,10,4,50,22,31,22,4
245,22,M,student,0,7,8,3,7,9,0,0,3,1,0,0,3,0,5,5,4,3,0
246,19,M,student,0,69,39,13,20,69,18,1,44,2,0,24,13,5,32,37,48,13,6
247,28,M,engineer,0,9,6,1,3,8,1,1,10,0,0,0,0,0,6,8,4,4,0
248,25,M,student,0,24,8,2,1,12,8,0,18,0,2,6,1,3,7,15,14,11,1
249,25,M,student,0,55,24,7,4,44,24,1,61,3,2,3,4,9,27,27,49,16,1
250,29,M,executive,0,25,12,11,15,34,13,1,42,1,1,7,10,8,20,20,38,7,0
251,28,M,doctor,0,31,17,3,5,20,5,1,23,1,0,3,3,2,16,14,26,7,0
252,42,M,engineer,0,1,0,1,1,3,2,1,17,0,0,0,0,1,7,1,4,1,0
253,26,F,librarian,0,30,14,3,8,27,9,0,36,0,1,6,5,3,21,10,27,8,3
254,44,M,educator,0,44,50,16,52,42,5,1,48,8,0,14,21,3,17,29,15,15,5
255,23,M,entertainment,0,37,13,0,1,7,5,0,13,1,0,28,0,5,5,13,42,4,1
256,35,F,none,0,73,36,4,9,57,18,0,68,1,3,10,6,6,55,25,71,11,4
257,17,M,student,0,6,4,0,1,9,5,1,40,0,0,2,1,4,21,5,6,5,0
258,19,F,student,0,7,1,0,1,4,1,0,11,0,0,1,1,2,8,1,10,3,0
259,21,M,student,0,16,8,0,0,12,3,0,18,0,1,4,1,2,9,9,10,8,1
260,40,F,artist,0,10,1,1,1,3,2,0,9,0,0,4,3,6,4,2,11,2,0
261,28,M,administrator,0,8,2,1,5,11,0,0,8,1,0,1,1,2,4,0,9,3,0
262,19,F,student,0,27,16,12,19,53,11,0,64,4,0,11,17,2,45,20,30,9,0
263,41,M,programmer,0,35,19,5,15,25,4,0,55,3,1,3,10,8,21,17,29,23,6
264,36,F,writer,0,12,7,1,0,63,10,3,38,1,3,21,4,4,22,9,16,4,1
265,26,M,executive,0,14,8,2,3,13,5,0,21,1,0,1,0,2,9,6,15,4,0
266,62,F,administrator,0,2,1,0,0,3,1,0,20,0,0,0,2,1,9,0,3,2,0
267,23,M,engineer,0,74,35,7,5,57,20,0,50,4,4,6,6,8,26,39,50,21,5
268,24,M,engineer,1,113,55,16,21,118,29,1,76,5,7,27,15,16,43,51,86,20,10
269,31,F,librarian,0,51,27,2,14,110,31,4,148,4,10,18,14,19,59,36,53,28,7
270,18,F,student,0,30,12,1,2,28,6,0,56,1,0,24,3,6,43,15,44,7,1
271,51,M,engineer,0,45,29,6,14,87,20,3,134,6,6,6,14,15,59,21,47,33,10
272,33,M,scientist,0,15,6,0,2,12,6,2,22,1,1,6,0,2,7,8,10,12,0
273,50,F,other,0,2,1,0,1,7,2,0,15,0,0,1,1,3,6,0,5,2,0
274,20,F,student,0,14,11,3,6,24,2,0,27,2,0,4,4,1,24,5,13,8,0
275,38,M,engineer,0,42,32,22,25,20,0,0,18,2,1,4,18,3,9,26,19,10,2
276,21,M,student,0,158,76,24,37,158,52,4,168,10,6,47,25,23,64,78,135,28,12
277,35,F,administrator,0,11,8,2,3,12,9,0,29,1,1,0,1,4,14,7,11,5,0
278,37,F,librarian,0,6,1,1,1,5,1,0,13,0,2,1,1,3,5,1,8,4,0
279,33,M,programmer,0,116,60,20,32,211,28,4,99,7,4,19,18,12,65,50,59,24,9
280,30,F,librarian,0,73,39,13,32,83,18,0,87,6,2,12,15,7,54,31,56,20,4
281,15,F,student,0,5,4,2,5,6,1,0,7,1,0,2,3,4,3,2,9,3,0
282,22,M,administrator,0,7,3,0,0,4,3,0,7,0,1,3,1,4,2,4,9,2,0
283,28,M,programmer,0,8,7,6,8,36,4,0,8,1,0,2,9,2,12,4,5,2,1
284,40,M,executive,0,7,2,0,3,9,6,0,26,0,1,2,2,8,12,2,13,3,0
285,25,M,programmer,0,5,2,1,2,9,6,0,14,0,1,4,2,4,8,4,10,2,0
286,27,M,student,0,53,39,17,27,131,21,2,98,5,2,15,22,7,61,34,41,11,3
287,21,M,salesman,0,20,8,3,2,23,9,0,22,0,0,5,0,3,11,11,18,5,0
288,34,M,marketing,0,16,9,0,1,11,7,1,48,0,0,2,3,1,11,6,7,21,3
289,11,M,none,0,13,8,2,4,7,2,0,7,0,0,0,2,1,3,4,6,2,0
290,40,M,engineer,0,53,43,14,28,46,3,0,43,6,2,4,17,5,24,33,27,22,2
291,19,M,student,0,78,33,15,22,93,27,1,89,6,3,28,12,11,36,33,90,14,6
292,35,F,programmer,0,38,19,3,5,23,12,4,48,2,6,5,6,12,22,20,37,14,4
293,24,M,writer,0,94,40,12,20,111,36,1,165,4,8,17,21,18,73,46,96,29,10
294,34,M,technician,0,58,26,3,4,41,21,0,40,2,2,10,3,15,24,22,55,13,1
295,31,M,educator,0,48,35,10,27,67,9,1,73,4,2,6,22,6,49,24,20,17,7
296,43,F,administrator,0,29,12,3,4,40,15,3,80,0,3,0,5,7,32,16,22,15,2
297,29,F,educator,1,50,22,9,14,62,19,1,67,1,2,12,10,9,38,23,50,21,3
298,44,M,executive,0,26,20,12,23,39,5,1,51,3,1,4,15,5,28,12,20,21,3
299,29,M,doctor,0,39,21,16,16,107,19,10,126,4,5,9,19,10,73,30,41,20,4
300,26,F,programmer,0,7,1,0,2,12,1,0,3,0,0,1,0,2,3,2,6,1,0
301,24,M,student,0,97,51,13,23,98,23,0,82,4,3,13,19,5,43,46,62,29,7
302,42,M,educator,0,9,4,0,0,3,3,0,6,0,1,1,1,4,3,4,10,3,0
303,19,M,student,0,128,59,18,33,184,38,5,152,7,6,29,29,20,85,61,106,26,10
304,22,F,student,0,8,1,0,2,7,0,0,7,0,0,5,0,3,8,3,10,3,0
305,23,M,programmer,0,44,26,5,6,67,18,1,114,1,5,4,13,11,48,25,39,24,2
306,45,M,other,0,2,1,0,0,16,1,0,17,0,0,0,2,0,8,3,2,3,0
307,25,M,student,0,38,30,9,9,37,6,3,34,3,1,4,12,2,21,32,14,14,0
308,60,M,retired,0,76,43,12,25,126,37,5,163,7,13,27,28,19,66,40,82,30,9
309,40,M,scientist,0,6,2,1,2,4,1,0,8,0,0,0,2,3,4,1,6,4,0
310,37,M,educator,0,6,6,0,2,6,1,2,6,1,0,0,0,0,7,6,1,2,0
311,32,M,technician,0,71,46,11,30,77,20,2,126,5,4,12,18,11,65,31,52,29,13
312,48,M,other,0,32,24,11,12,58,8,4,96,0,11,8,21,17,47,21,37,32,6
313,41,M,marketing,0,68,42,23,39,73,19,0,85,4,10,16,21,16,43,33,59,31,9
314,20,F,student,0,34,21,11,35,111,14,0,91,4,0,6,12,5,60,9,42,5,3
315,31,M,educator,0,17,6,0,1,28,15,4,35,0,6,5,2,7,10,8,25,11,1
316,43,F,other,0,14,9,2,4,9,4,1,52,0,2,3,4,1,24,4,10,14,2
317,22,M,administrator,0,11,3,0,0,2,1,0,6,0,1,2,0,4,5,4,14,4,0
318,65,M,retired,0,23,15,2,17,84,17,0,79,3,1,3,13,7,37,9,11,15,2
319,38,M,programmer,1,6,1,0,2,5,4,0,8,0,1,2,0,5,4,1,10,1,0
320,19,M,student,0,75,32,10,10,43,14,0,26,3,1,14,6,4,30,30,51,9,7
321,49,F,educator,0,15,12,1,4,27,7,3,74,0,5,0,7,13,33,6,13,18,2
322,20,M,student,0,9,2,1,1,6,10,2,24,0,6,2,0,7,12,4,18,7,0
323,21,M,student,0,23,9,1,3,21,12,1,46,0,0,1,4,6,17,11,26,11,1
324,21,F,student,0,14,5,2,4,15,8,0,31,1,0,3,2,5,18,7,19,5,0
325,48,M,technician,0,29,21,9,11,42,9,3,62,1,4,7,12,8,20,20,19,22,3
326,41,M,administrator,0,56,32,4,11,50,9,2,61,3,6,24,8,11,31,28,32,22,6
327,22,M,student,0,65,26,7,10,100,25,7,113,4,3,15,10,16,57,32,58,23,4
328,51,M,administrator,0,98,40,2,10,46,31,1,135,3,6,13,9,15,44,36,86,39,14
329,48,M,educator,0,20,7,1,3,14,10,0,30,2,2,2,2,5,15,7,23,10,0
330,35,F,educator,0,30,24,15,26,53,7,1,53,2,1,6,19,4,35,14,22,16,7
331,33,M,entertainment,0,3,5,1,4,16,7,4,40,0,2,3,3,5,13,2,9,9,0
332,20,M,student,0,77,37,4,5,45,17,0,49,3,4,10,2,17,22,32,77,13,7
333,47,M,other,0,7,2,0,1,13,2,0,8,0,0,0,1,1,8,0,7,3,1
334,32,M,librarian,0,59,34,6,15,95,27,2,174,4,8,14,16,22,75,36,60,27,5
335,45,M,executive,0,8,2,0,0,4,2,0,7,0,0,2,0,8,3,4,13,2,0
336,23,M,salesman,0,17,9,1,5,100,8,0,24,1,0,3,4,2,29,6,12,2,3
337,37,M,scientist,0,21,17,0,2,5,1,0,11,1,0,0,0,1,5,17,7,9,0
338,39,F,librarian,0,4,4,4,2,32,3,0,30,0,4,2,2,8,22,4,12,9,1
339,35,M,lawyer,0,60,27,6,11,74,30,2,110,2,11,15,12,12,39,36,50,29,7
340,46,M,engineer,0,10,9,7,11,16,1,0,14,2,0,0,6,1,10,6,3,9,1
341,17,F,student,0,4,2,0,1,8,2,0,6,0,1,3,0,1,3,1,5,0,0
342,25,F,other,0,12,5,6,5,83,18,4,102,2,5,4,7,7,47,10,28,5,0
343,43,M,engineer,0,49,27,5,7,62,20,1,119,3,6,8,6,11,42,29,48,25,5
344,30,F,librarian,0,40,23,7,10,61,12,2,83,1,2,5,7,8,50,18,39,14,4
345,28,F,librarian,0,39,19,4,8,70,15,1,125,0,1,5,9,10,68,11,47,16,4
346,34,M,other,0,81,32,1,11,46,23,1,65,5,5,10,6,8,28,26,61,21,7
347,18,M,student,0,75,34,10,15,54,19,0,73,4,0,7,9,8,31,26,55,19,6
348,24,F,student,0,13,9,4,8,23,2,0,18,2,0,5,2,2,7,4,18,2,0
349,68,M,retired,0,4,1,1,1,7,4,2,25,1,1,1,1,1,8,2,11,4,0
350,32,M,student,0,16,10,1,2,9,2,0,19,0,4,3,2,4,9,14,13,12,2
351,61,M,educator,0,12,2,2,3,4,5,0,21,0,0,4,3,5,9,2,19,4,0
352,37,F,programmer,0,23,10,0,0,8,14,0,11,0,4,3,0,1,11,13,18,4,0
353,25,M,scientist,0,9,3,0,0,2,3,0,16,0,0,1,0,4,4,6,10,4,0
354,29,F,librarian,0,18,14,4,10,77,3,4,136,3,3,2,15,10,67,15,18,22,4
355,25,M,student,0,6,2,0,0,2,3,1,8,0,0,4,1,5,7,4,11,2,0
356,32,F,homemaker,0,6,1,0,1,5,2,1,12,1,0,2,0,5,4,1,10,2,0
357,26,M,executive,0,26,12,3,6,27,4,0,20,3,0,2,1,4,14,10,18,8,0
358,40,M,educator,0,3,3,1,3,7,2,0,32,1,0,2,1,3,7,4,2,3,0
359,22,M,student,0,20,9,2,1,2,2,0,6,1,0,0,0,1,8,8,13,4,0
360,51,M,other,0,24,12,2,5,22,9,1,58,2,2,0,1,8,22,12,15,21,1
361,22,M,student,0,19,8,0,0,42,11,1,53,0,6,4,5,8,46,9,29,9,3
362,35,F,homemaker,0,10,0,0,0,5,4,0,9,0,1,1,0,6,4,2,17,2,0
363,20,M,student,0,99,44,15,14,92,31,1,108,3,7,33,11,17,40,56,85,20,6
364,63,M,engineer,0,0,0,0,1,9,1,0,9,0,1,1,2,1,8,0,4,3,0
365,29,M,lawyer,0,4,3,2,4,23,3,1,29,0,0,2,4,2,11,6,7,3,0
366,20,F,student,0,6,3,0,0,6,2,0,5,0,0,25,0,0,2,5,11,0,0
367,17,M,student,0,17,7,0,0,7,6,0,12,0,1,31,0,5,5,15,20,3,0
368,18,M,student,0,13,5,0,0,5,8,1,11,0,1,26,0,0,4,11,14,2,0
369,24,M,student,0,8,7,1,1,6,1,0,7,0,0,0,0,0,7,7,3,4,0
370,52,M,writer,0,16,9,1,1,25,4,0,28,1,4,2,3,9,12,11,19,9,2
371,36,M,engineer,0,20,10,1,2,15,5,0,19,1,0,5,1,0,9,9,10,7,4
372,25,F,student,0,11,3,0,0,2,14,0,29,0,1,20,0,6,7,5,33,3,0
373,24,F,other,0,57,35,18,30,83,11,2,90,3,2,4,21,5,53,23,29,20,6
374,36,M,executive,0,85,46,5,14,71,33,1,97,6,5,14,5,12,40,39,86,14,2
375,17,M,entertainment,0,9,1,0,0,0,5,0,5,0,3,6,0,5,1,4,23,1,0
376,28,F,other,0,2,1,0,0,8,2,0,15,0,0,1,2,2,13,1,8,1,0
377,22,M,student,0,11,5,0,0,8,3,0,11,0,0,7,0,1,6,5,13,1,0
378,35,M,student,0,89,53,15,37,117,22,2,170,5,2,18,27,11,79,38,66,27,7
379,44,M,programmer,0,52,32,2,15,72,11,3,72,1,2,16,5,8,33,30,32,20,6
380,32,M,engineer,0,34,20,4,11,41,6,1,78,1,4,11,8,9,28,26,28,26,4
381,33,M,artist,0,17,15,10,20,27,8,2,63,0,5,4,14,11,33,10,24,11,1
382,45,M,engineer,0,8,4,0,1,13,8,1,33,0,0,1,0,2,7,9,10,6,1
383,42,M,administrator,0,3,1,0,2,14,4,0,46,0,6,2,2,9,16,3,13,8,2
384,52,M,programmer,0,9,2,1,2,3,3,0,9,0,1,1,2,5,5,4,10,3,0
385,36,M,writer,0,44,27,9,12,88,26,8,123,2,10,17,18,14,48,27,41,24,4
386,36,M,salesman,0,22,9,0,0,0,3,0,4,0,0,0,0,1,2,6,11,4,1
387,33,M,entertainment,0,73,41,21,21,83,32,5,116,2,3,29,16,9,38,43,57,32,5
388,31,M,other,0,14,5,2,3,8,6,0,20,0,1,11,1,6,5,5,22,3,0
389,44,F,writer,0,32,19,13,24,120,18,2,102,6,9,11,28,14,62,19,37,21,3
390,42,F,writer,0,4,3,2,3,5,4,0,19,0,1,0,3,3,8,2,8,4,0
391,23,M,student,0,26,13,1,3,23,14,1,66,0,1,4,5,9,21,11,26,17,7
392,52,M,writer,0,20,12,5,4,28,11,3,57,0,3,2,6,9,22,11,19,11,2
393,19,M,student,0,124,73,22,56,191,24,2,135,11,3,13,22,15,76,52,84,22,10
394,25,M,administrator,0,73,42,3,13,51,10,0,30,4,1,15,6,1,21,44,38,10,3
395,43,M,other,0,21,15,3,6,17,4,0,23,3,1,2,3,2,13,10,11,7,1
396,57,M,engineer,0,25,10,1,2,6,3,0,17,1,1,2,0,6,6,5,32,4,1
397,17,M,student,0,26,10,3,10,24,16,0,47,1,4,5,7,12,15,15,28,11,2
398,40,M,other,0,33,27,8,14,73,13,0,63,2,3,5,12,12,39,19,23,18,7
399,25,M,other,0,97,60,18,41,86,27,5,103,5,2,20,21,10,43,42,68,23,6
400,33,F,administrator,0,7,1,0,2,6,2,0,6,0,0,4,0,2,6,2,9,2,0
401,46,F,healthcare,0,27,18,7,13,51,10,1,64,1,3,1,10,14,43,9,26,21,4
402,30,M,engineer,0,17,10,3,4,22,6,2,29,0,0,1,1,5,13,11,14,10,1
403,37,M,other,0,18,10,2,3,18,3,0,15,1,0,4,0,2,10,10,14,6,0
404,29,F,programmer,0,12,1,0,3,14,6,0,17,1,1,3,1,6,7,3,17,6,0
405,22,F,healthcare,0,122,73,30,77,222,41,16,309,12,12,60,24,21,110,54,99,39,21
406,52,M,educator,0,53,36,15,17,103,25,8,151,4,7,28,27,13,60,36,47,36,7
407,29,M,engineer,0,62,37,13,18,91,15,0,69,3,6,24,16,11,39,34,38,20,7
408,23,M,student,0,9,2,0,1,8,4,0,11,0,1,1,1,6,6,4,10,2,0
409,48,M,administrator,0,32,19,4,4,54,9,3,101,0,5,5,9,16,38,17,36,25,4
410,30,F,artist,0,6,0,1,1,7,2,0,16,0,0,0,3,2,9,1,9,2,0
411,34,M,educator,0,27,17,2,4,19,4,0,20,0,2,1,4,3,13,13,10,6,2
412,25,M,educator,0,15,8,6,2,15,4,1,22,0,0,3,2,1,9,7,13,5,0
413,55,M,educator,0,14,6,0,0,9,7,0,29,0,1,1,1,7,14,10,12,9,0
414,24,M,programmer,0,5,0,0,0,3,4,0,11,0,1,3,0,3,3,5,13,1,0
415,39,M,educator,0,6,1,1,2,5,2,0,8,0,0,1,1,3,5,3,10,3,0
416,20,F,student,0,109,61,18,48,158,40,2,212,8,3,23,27,20,111,32,101,32,10
417,27,F,other,0,107,55,19,28,127,29,2,106,6,5,36,20,14,64,61,79,26,8
418,55,F,none,0,4,2,0,1,3,3,0,8,0,2,2,1,5,2,1,9,0,0
419,37,M,lawyer,0,9,6,1,1,9,1,0,12,0,2,0,1,2,12,4,7,4,0
420,53,M,educator,0,3,2,1,0,7,4,0,20,0,2,1,1,7,8,2,9,3,0
421,38,F,programmer,0,18,9,0,1,9,13,0,20,1,5,10,0,6,10,12,24,6,0
422,26,M,entertainment,1,25,11,1,3,18,14,0,35,1,2,30,0,9,9,19,27,7,1
423,64,M,other,0,15,4,0,1,3,13,0,44,0,3,1,0,6,8,2,23,8,0
424,36,F,marketing,0,8,4,4,9,10,2,2,21,0,0,2,3,1,8,3,6,4,2
425,19,M,student,0,111,42,2,4,30,25,1,54,0,3,28,6,11,25,46,73,20,6
426,55,M,educator,0,8,10,4,5,26,9,0,37,0,10,5,12,11,16,6,22,15,4
427,51,M,doctor,0,7,3,1,2,6,3,0,13,0,1,2,3,5,6,1,9,2,0
428,28,M,student,0,11,3,1,5,16,8,0,22,1,2,3,3,7,10,2,17,6,0
429,27,M,student,0,99,57,14,32,132,29,3,167,9,6,28,24,18,72,41,73,32,11
430,38,M,scientist,0,17,8,2,1,11,12,0,32,0,2,6,0,3,11,13,15,10,0
431,24,M,marketing,0,8,1,1,1,3,5,0,6,0,1,1,1,5,4,1,13,4,0
432,22,M,entertainment,0,17,11,1,2,24,6,0,22,1,0,2,0,2,12,11,15,4,0
433,27,M,artist,0,11,6,1,2,6,7,0,18,0,2,1,1,4,7,4,15,7,1
434,16,F,student,0,7,4,1,5,17,2,0,15,1,0,4,0,0,10,3,8,3,0
435,24,M,engineer,0,113,66,19,30,128,29,2,104,8,3,43,16,14,48,66,90,29,6
436,30,F,administrator,0,25,7,3,6,50,15,0,65,3,1,11,7,3,30,12,34,4,4
437,27,F,other,0,37,23,15,29,82,15,1,117,4,6,16,25,8,65,22,45,18,5
438,51,F,administrator,0,11,7,1,1,14,1,0,11,0,0,0,1,0,11,5,8,6,0
439,23,F,administrator,0,6,2,1,0,9,4,0,15,0,0,3,0,2,7,3,8,1,0
440,30,M,other,0,10,3,0,2,12,5,0,28,0,0,0,1,4,15,3,13,5,0
441,50,M,technician,0,6,2,2,3,7,1,0,6,0,0,1,1,2,2,2,5,1,0
442,22,M,student,0,62,26,1,0,42,19,0,36,0,1,19,2,5,20,27,47,10,4
443,35,M,salesman,0,9,2,0,0,4,5,1,7,0,0,2,0,4,4,7,9,4,0
444,51,F,lawyer,0,12,2,0,0,2,2,0,13,0,0,1,0,2,10,4,10,5,0
445,21,M,writer,0,38,13,2,2,32,25,2,53,0,2,7,2,10,13,15,47,8,2
446,57,M,educator,0,7,0,0,0,6,7,0,19,0,2,2,1,6,6,1,14,5,0
447,30,M,administrator,0,43,21,2,4,42,16,1,48,1,5,9,4,5,30,24,42,18,2
448,23,M,entertainment,0,1,2,0,1,9,5,4,22,0,1,2,1,6,3,3,6,3,0
449,23,M,librarian,0,9,2,2,1,18,9,2,41,1,0,1,1,2,14,3,17,4,0
450,35,F,educator,0,92,64,15,50,186,34,2,237,7,13,19,31,26,119,41,88,41,13
451,16,M,student,0,17,7,1,8,26,10,3,38,1,2,5,3,11,17,5,29,6,0
452,35,M,administrator,0,46,28,12,22,64,10,1,88,2,3,6,13,10,43,21,33,26,6
453,18,M,student,0,48,24,1,7,58,16,1,59,1,0,8,8,1,24,18,35,13,3
454,57,M,other,0,49,32,9,17,55,18,1,110,2,7,2,17,18,60,22,50,25,8
455,48,M,administrator,0,57,29,3,10,39,15,0,99,2,2,10,5,9,44,29,45,19,2
456,24,M,technician,0,48,20,8,10,60,21,2,95,2,3,13,13,12,40,22,41,16,4
457,33,F,salesman,0,72,41,6,17,87,15,1,116,4,3,14,13,6,55,43,49,25,5
458,47,M,technician,0,29,11,9,9,39,18,4,98,1,4,5,9,11,28,15,37,18,4
459,22,M,student,0,42,20,6,13,39,7,0,35,3,0,2,6,8,24,20,39,13,0
460,44,F,other,0,9,4,1,3,13,11,2,44,0,1,2,1,6,15,5,12,5,0
461,15,M,student,0,4,2,0,2,10,2,0,8,0,1,1,1,3,5,4,3,2,1
462,19,F,student,0,9,4,0,3,7,4,0,16,0,0,3,1,3,6,3,13,4,0
463,48,F,healthcare,0,21,15,5,17,50,8,1,59,2,1,2,7,3,35,9,17,9,0
464,60,M,writer,0,17,5,0,1,14,12,0,15,0,2,2,2,8,9,10,24,8,1
465,32,M,other,0,12,9,7,11,21,6,2,37,1,2,0,6,6,14,12,14,13,1
466,22,M,student,0,58,19,1,2,16,17,0,34,1,3,7,1,12,19,15,38,11,2
467,29,M,engineer,0,11,8,2,1,12,10,1,20,0,1,1,0,3,5,10,9,3,0
468,28,M,engineer,0,26,18,4,10,43,14,0,81,2,2,1,8,6,27,17,23,16,3
469,60,M,educator,0,5,5,0,0,10,4,0,19,0,4,0,3,6,11,2,7,8,1
470,24,M,programmer,0,9,6,1,1,13,7,4,33,0,0,1,1,3,12,8,9,5,0
471,10,M,student,0,3,7,16,26,12,0,0,3,0,0,0,9,1,4,3,0,2,0
472,24,M,student,0,101,63,17,37,79,15,0,60,9,0,21,21,7,38,56,64,16,6
473,29,M,student,0,3,1,0,0,9,8,2,21,0,1,0,1,4,10,2,4,1,0
474,51,M,executive,0,54,34,3,16,83,24,1,166,4,12,11,16,21,66,30,61,35,8
475,30,M,programmer,0,3,1,0,2,9,5,0,11,0,1,0,0,3,7,2,4,2,0
476,28,M,student,0,19,6,0,2,69,4,0,14,2,0,4,5,1,21,4,8,5,4
477,23,F,student,0,1,0,0,0,21,0,0,15,0,0,0,2,0,25,0,2,0,0
478,29,M,other,0,21,6,3,5,48,9,2,41,1,1,5,3,4,22,9,24,5,1
479,30,M,educator,0,75,45,9,15,53,9,2,66,2,2,10,8,8,40,38,51,29,6
480,57,M,retired,0,12,5,2,1,12,7,0,28,0,4,5,5,5,12,10,14,5,3
481,73,M,retired,0,12,7,1,3,26,1,0,19,0,1,0,1,6,18,4,11,8,1
482,18,F,student,0,11,2,0,1,10,2,0,9,0,0,2,1,2,7,4,9,3,0
483,29,M,scientist,0,24,16,6,7,11,1,0,23,0,0,1,5,1,15,19,7,10,1
484,27,M,student,0,68,42,6,15,43,8,0,40,6,2,4,7,2,30,33,29,15,6
485,44,F,educator,0,6,0,1,1,9,3,0,11,0,1,2,3,3,7,0,8,3,0
486,39,M,educator,0,33,16,3,4,49,21,3,92,0,3,3,5,10,33,17,49,13,0
487,22,M,engineer,0,84,36,12,18,65,21,1,84,3,1,5,10,8,46,32,63,18,5
488,48,M,technician,0,44,25,3,10,35,9,0,71,0,2,6,9,9,33,20,35,24,4
489,55,M,other,0,28,11,2,12,27,12,1,38,3,2,10,4,14,14,11,32,6,0
490,29,F,artist,0,12,11,4,6,16,7,2,25,0,1,1,4,3,8,10,9,4,0
491,43,F,writer,0,3,0,1,0,7,5,0,21,0,2,0,1,4,6,2,12,2,0
492,57,M,educator,0,5,3,0,0,11,5,0,39,0,2,1,2,4,12,2,6,12,1
493,22,M,engineer,0,55,23,4,7,37,13,2,46,2,1,6,6,7,15,31,38,17,1
494,38,F,administrator,0,13,7,1,1,10,4,0,24,0,0,1,2,4,7,7,12,8,0
495,29,M,engineer,0,71,46,11,28,65,15,0,56,3,3,28,19,6,32,40,41,18,5
496,21,F,student,0,32,24,8,21,28,6,0,52,2,2,9,15,7,22,25,30,12,2
497,20,M,student,0,107,52,18,29,107,21,1,55,6,3,22,13,9,45,52,61,14,10
498,26,M,writer,0,29,14,1,4,32,16,2,70,3,9,8,3,8,24,24,37,14,3
499,42,M,programmer,0,21,15,2,5,27,12,0,47,0,3,3,5,8,17,10,18,19,3
500,28,M,administrator,0,41,27,1,12,78,11,0,108,5,2,10,5,6,65,29,40,16,1
501,22,M,student,0,20,9,0,1,24,14,0,29,1,0,4,1,5,10,7,19,3,2
502,22,M,student,0,14,5,0,5,12,2,0,4,1,0,6,0,6,3,6,16,3,0
503,50,F,writer,0,30,14,2,6,44,14,0,86,2,5,6,6,8,51,10,29,18,3
504,40,F,writer,0,42,23,8,29,78,15,3,104,7,0,24,19,7,39,24,51,17,4
505,27,F,other,0,44,25,10,22,26,7,0,45,3,0,3,9,3,26,19,26,16,6
506,46,M,programmer,0,77,42,8,26,78,20,1,70,6,9,7,11,19,50,32,60,16,9
507,18,F,writer,0,30,13,1,3,11,4,0,13,1,2,5,3,7,9,12,28,7,0
508,27,M,marketing,0,25,16,2,5,33,1,1,28,1,0,9,9,1,12,21,12,15,2
509,23,M,administrator,0,13,5,0,1,7,5,0,9,1,1,3,3,5,7,6,12,8,0
510,34,M,other,0,10,2,0,4,8,1,0,13,0,1,2,1,3,4,2,11,4,0
511,22,M,student,0,6,3,0,0,4,2,0,8,0,1,4,0,4,3,5,10,1,0
512,29,M,other,0,6,2,1,1,2,4,0,11,0,1,1,2,2,3,3,8,3,1
513,43,M,administrator,0,19,10,0,0,4,1,0,2,1,0,0,0,1,3,8,8,3,1
514,27,M,programmer,0,43,23,8,9,78,12,1,83,2,2,7,8,11,47,25,29,23,6
515,53,M,marketing,0,8,2,1,4,9,4,0,18,0,1,4,3,6,5,2,14,5,0
516,53,F,librarian,0,5,3,1,0,5,3,0,12,0,0,0,1,2,4,5,1,7,0
517,24,M,student,0,15,9,2,3,12,2,0,8,2,1,0,1,3,13,6,10,2,0
518,49,F,writer,0,12,9,3,3,22,8,1,35,1,0,2,2,3,11,5,19,5,0
519,22,M,other,0,11,3,0,4,7,8,0,20,1,1,4,1,7,9,2,15,1,0
520,62,M,healthcare,0,1,0,1,0,10,2,0,11,0,1,0,1,1,6,0,6,2,0
521,19,M,student,0,68,37,7,9,47,15,1,37,3,1,6,4,7,23,34,46,15,4
522,36,M,engineer,0,5,2,0,0,7,3,1,14,0,1,2,1,2,3,3,10,6,1
523,50,F,administrator,0,6,5,7,5,57,4,3,35,2,0,1,8,1,25,7,3,7,3
524,56,M,educator,0,58,40,5,15,88,26,3,130,4,9,12,17,19,63,31,60,32,7
525,27,F,administrator,0,15,8,2,3,14,6,0,22,2,0,3,2,4,9,7,15,2,0
526,30,M,marketing,0,19,5,2,2,14,12,1,32,0,1,4,0,7,13,12,27,7,0
527,33,M,librarian,0,24,11,3,5,29,11,1,78,2,3,7,7,11,26,15,26,19,4
528,18,M,student,0,15,9,2,3,17,4,0,15,1,2,1,2,3,12,11,14,4,1
529,47,F,administrator,0,10,2,0,0,8,5,0,15,0,0,4,1,8,8,6,19,5,0
530,29,M,engineer,0,8,4,0,0,11,4,0,22,0,0,2,2,4,19,7,10,6,1
531,30,F,salesman,0,8,3,0,4,7,5,0,15,1,1,2,1,3,7,1,12,3,0
532,20,M,student,1,81,45,13,24,82,25,1,95,3,1,12,14,11,40,32,62,17,10
533,43,M,librarian,0,65,36,8,15,83,14,3,112,5,6,4,11,14,59,31,61,30,4
534,20,M,student,0,21,12,3,5,29,5,0,23,1,1,3,1,5,8,8,29,5,0
535,45,F,educator,0,25,18,2,9,62,13,3,127,2,7,2,8,9,46,16,31,24,3
536,38,M,engineer,0,51,41,13,27,42,2,0,62,4,1,8,14,5,38,28,24,25,6
537,36,M,engineer,0,77,44,11,24,130,38,5,251,5,14,24,20,25,89,43,84,39,10
538,31,M,scientist,0,28,14,1,1,21,9,0,41,1,2,3,2,2,17,14,19,14,1
539,53,F,administrator,0,3,2,0,1,18,3,0,37,0,0,1,5,2,17,4,3,6,1
540,28,M,engineer,0,19,8,5,4,16,6,0,28,1,0,1,2,2,11,12,16,7,0
541,19,F,student,0,30,36,20,43,52,4,1,34,4,1,2,17,4,23,19,11,10,1
542,21,M,student,0,21,11,12,15,71,12,1,50,3,1,3,14,2,19,15,14,12,3
543,33,M,scientist,0,57,27,6,8,52,17,0,83,1,5,6,5,10,41,22,48,20,3
544,44,F,other,0,9,4,0,2,6,6,0,13,0,1,2,0,4,6,4,11,3,0
545,27,M,technician,0,81,50,12,19,47,8,0,34,3,1,15,13,3,25,36,33,20,8
546,36,M,executive,0,22,9,0,2,6,5,0,18,1,0,21,0,3,6,17,21,6,0
547,50,M,educator,0,3,0,0,0,11,3,0,12,0,1,0,2,4,6,1,7,0,0
548,51,M,writer,0,50,21,1,4,21,22,0,67,1,5,10,1,13,20,24,67,13,1
549,42,M,scientist,0,12,8,1,3,6,3,0,8,2,0,1,0,1,6,6,7,4,0
550,16,F,student,0,15,12,4,8,12,1,0,9,1,0,2,3,3,12,8,8,4,0
551,25,M,programmer,0,103,40,4,8,86,33,0,128,4,4,21,12,18,57,41,96,27,9
552,45,M,other,0,23,12,2,5,33,6,0,24,1,0,2,1,3,19,11,17,7,0
553,58,M,educator,0,12,11,2,7,26,8,0,48,1,5,2,5,10,20,7,17,16,5
554,32,M,scientist,0,31,22,7,12,35,6,0,48,4,1,1,9,6,31,17,32,11,0
555,29,F,educator,0,19,9,1,0,20,5,0,15,0,3,1,2,4,9,10,19,7,0
556,35,F,educator,0,5,4,0,2,12,6,2,24,0,1,1,3,8,8,2,9,6,0
557,30,F,writer,0,13,5,0,2,9,8,0,28,1,1,4,1,5,9,9,14,5,0
558,56,F,writer,0,0,0,0,0,3,1,1,18,0,0,0,0,1,7,0,1,2,0
559,69,M,executive,0,22,9,0,4,28,8,1,33,0,0,0,0,6,9,4,15,14,3
560,32,M,student,0,26,15,2,4,31,7,2,39,3,5,5,2,4,17,21,22,11,1
561,23,M,engineer,0,75,39,14,24,101,28,7,155,3,10,21,23,16,64,40,66,37,9
562,54,F,administrator,0,26,18,5,8,17,7,0,27,1,1,3,6,2,19,10,16,8,2
563,39,F,librarian,0,10,11,0,2,18,2,0,5,0,0,0,0,0,9,4,3,3,0
564,65,M,retired,0,22,12,0,0,3,3,0,13,1,1,0,1,3,3,7,17,4,0
565,40,M,student,0,3,0,0,0,11,0,0,27,0,0,0,0,1,10,2,1,4,0
566,20,M,student,0,40,21,3,9,45,12,2,66,3,2,4,9,6,31,17,27,20,4
567,24,M,entertainment,0,26,14,1,3,33,18,4,72,1,11,4,4,15,26,24,36,21,4
568,39,M,educator,0,8,5,0,2,21,10,1,41,1,5,2,5,9,17,4,12,8,2
569,34,M,educator,0,18,10,2,4,18,4,0,30,0,1,1,1,7,14,8,20,4,0
570,26,M,educator,0,6,2,0,1,3,2,0,11,0,1,1,1,3,4,3,7,6,0
571,34,M,artist,0,3,2,1,0,6,1,1,10,0,2,0,0,3,3,1,2,2,0
572,51,M,educator,0,3,2,0,0,5,1,1,11,0,0,0,2,1,5,2,2,2,0
573,68,M,retired,0,8,4,0,1,11,3,0,28,1,2,2,1,4,11,7,11,11,1
574,56,M,educator,0,4,2,0,0,8,7,1,32,0,2,1,2,6,6,3,15,3,0
575,33,M,marketing,0,7,4,0,1,6,3,0,12,0,0,0,0,2,6,4,7,5,0
576,48,M,executive,0,7,4,1,2,14,3,0,16,0,0,1,1,2,13,6,4,3,1
577,36,F,student,0,53,35,8,25,64,12,1,64,4,3,13,7,6,38,22,42,16,3
578,31,M,administrator,0,11,4,0,0,2,1,0,10,0,0,2,0,1,4,7,10,1,0
579,32,M,educator,0,15,9,3,1,43,4,0,23,0,1,3,4,4,22,10,11,8,1
580,16,M,student,0,22,11,1,2,12,3,0,12,0,0,3,1,1,7,13,16,7,0
581,37,M,other,0,5,4,1,0,2,3,2,18,0,0,0,0,0,8,5,1,3,1
582,17,M,student,0,21,14,3,6,19,3,0,18,2,0,1,1,3,12,15,12,5,0
583,44,M,engineer,0,2,3,0,0,6,4,0,13,0,0,1,2,1,7,5,7,2,0
584,25,M,student,0,15,13,1,1,5,0,0,5,1,0,0,0,0,5,14,0,3,0
585,69,M,librarian,0,4,2,0,1,11,0,1,68,0,0,0,3,1,19,2,2,6,1
586,20,M,student,0,83,34,2,2,38,20,0,47,4,0,20,3,6,25,27,52,15,5
587,26,M,other,0,25,9,1,9,26,8,0,37,2,2,9,3,15,16,11,33,7,0
588,18,F,student,0,53,40,15,30,82,10,1,95,5,0,11,20,5,58,25,32,15,4
589,21,M,lawyer,0,11,3,1,5,10,5,0,14,1,0,4,2,8,8,2,15,5,0
590,50,M,educator,0,5,0,0,0,12,7,1,32,0,0,0,0,2,12,1,6,3,0
591,57,F,librarian,0,9,5,0,2,48,6,2,37,1,0,0,1,3,25,3,7,6,1
592,18,M,student,0,75,36,12,20,100,36,8,162,6,7,17,11,24,58,33,83,22,4
593,31,F,educator,0,31,15,3,8,54,6,0,73,1,0,4,5,4,55,9,29,16,5
594,46,M,educator,0,6,4,0,0,4,2,0,17,0,0,0,1,0,9,3,2,9,0
595,25,M,programmer,0,15,10,2,4,34,10,1,40,3,0,2,1,2,18,11,21,5,1
596,20,M,artist,0,8,3,0,0,3,0,0,7,0,0,4,1,2,6,4,8,3,0
597,23,M,other,0,16,6,1,4,14,4,0,13,0,0,0,1,1,12,7,12,6,0
598,40,F,marketing,0,10,0,1,4,5,1,0,11,1,1,2,1,3,4,4,9,3,0
599,22,F,student,0,5,0,1,1,21,2,0,15,0,0,3,2,2,23,1,8,4,0
600,34,M,programmer,0,75,35,0,0,12,12,0,17,0,1,3,1,0,11,25,21,10,8
601,19,F,artist,0,37,29,6,23,41,9,1,59,5,1,14,13,6,19,27,24,12,1
602,47,F,other,0,12,9,2,7,8,1,0,8,0,0,2,1,0,6,6,7,3,0
603,21,M,programmer,0,28,18,1,1,8,5,0,12,0,1,2,2,0,12,22,11,10,0
604,39,M,educator,0,6,3,0,0,3,4,1,7,1,0,17,0,0,1,6,10,0,0
605,33,M,engineer,0,23,12,2,2,17,8,0,49,0,1,1,2,7,20,6,28,15,0
606,28,M,programmer,0,69,36,15,25,70,24,2,83,3,1,15,19,7,40,34,51,23,4
607,49,F,healthcare,0,6,4,0,0,8,3,1,24,0,0,0,1,1,9,3,3,8,1
608,22,M,other,0,19,6,2,7,39,11,0,103,1,4,5,5,8,43,5,31,15,2
609,13,F,student,0,4,3,3,8,13,0,0,9,0,0,1,3,1,5,1,3,0,0
610,22,M,student,0,16,8,3,8,15,5,0,35,2,3,3,7,3,21,11,23,8,3
611,46,M,librarian,0,8,2,0,0,6,6,0,21,0,2,4,0,7,10,2,13,2,0
612,36,M,educator,0,5,4,1,7,12,2,0,9,0,0,0,0,2,3,1,7,0,0
613,37,F,marketing,0,6,3,1,1,5,4,0,14,0,1,1,0,1,5,4,5,4,1
614,54,M,educator,0,9,3,1,1,12,2,1,17,2,0,1,1,1,7,4,8,3,0
615,38,M,educator,0,10,4,0,2,29,7,4,66,2,1,2,4,4,26,5,11,12,2
616,55,M,scientist,0,14,2,0,0,6,7,0,21,0,3,4,2,8,5,4,22,4,0
617,27,F,writer,0,20,7,0,2,18,10,2,31,2,6,46,1,3,12,14,24,4,1
618,15,F,student,0,51,28,14,25,55,15,0,108,2,2,9,17,7,53,19,42,20,4
619,17,M,student,0,72,23,0,0,7,19,0,23,0,1,6,0,8,13,17,45,12,1
620,18,F,writer,0,24,28,22,44,31,1,0,25,6,0,17,13,3,14,18,24,4,0
621,17,M,student,0,72,31,13,28,74,10,0,32,5,1,9,14,5,24,28,32,13,1
622,25,M,programmer,0,77,45,17,21,74,16,0,65,5,2,8,18,9,41,44,44,17,0
623,50,F,educator,0,14,6,0,0,19,4,0,12,0,2,4,3,4,17,10,8,6,1
624,19,M,student,0,35,13,4,4,47,14,0,63,1,1,4,3,10,28,16,36,12,0
625,27,M,programmer,0,34,19,4,6,39,4,0,39,1,2,3,7,10,27,18,25,16,1
626,23,M,scientist,0,8,3,0,1,4,4,0,13,0,1,3,1,6,7,4,14,2,0
627,24,M,engineer,0,78,36,0,1,22,20,0,96,1,2,6,3,4,32,29,44,25,9
628,13,M,none,0,4,1,0,1,10,3,0,13,0,1,1,0,2,2,2,9,2,0
629,46,F,other,0,31,12,0,3,25,18,0,66,1,0,4,2,8,24,11,30,13,1
630,26,F,healthcare,0,26,13,4,9,38,7,0,40,4,0,3,2,2,23,16,30,9,0
631,18,F,student,0,3,1,0,0,5,4,0,8,0,0,3,1,3,5,0,7,1,0
632,18,M,student,0,41,22,7,12,32,9,0,47,1,0,6,13,3,28,16,29,13,6
633,35,M,programmer,0,29,13,1,3,7,2,0,22,1,1,4,3,6,10,11,27,8,2
634,39,M,engineer,0,23,9,5,7,42,13,2,63,1,2,2,3,6,21,10,33,9,2
635,22,M,other,0,8,4,1,1,9,3,0,12,0,1,2,0,6,11,1,15,1,0
636,47,M,educator,0,5,2,2,2,3,1,1,11,0,0,0,1,0,4,5,3,3,0
637,30,M,other,0,26,13,3,6,28,9,1,49,1,0,0,2,7,25,9,26,10,1
638,45,M,engineer,0,49,26,0,0,16,7,0,13,1,1,3,1,1,9,21,16,12,2
639,42,F,librarian,0,10,8,0,2,45,4,2,94,1,2,0,4,7,56,4,15,12,4
640,20,M,student,0,40,18,2,3,45,13,0,32,0,3,2,4,3,22,13,29,5,0
641,24,M,student,0,1,2,2,2,7,2,0,22,1,3,0,2,3,5,5,7,4,1
642,18,F,student,0,65,60,26,76,141,10,0,90,13,2,13,26,5,54,29,35,17,7
643,39,M,scientist,0,60,26,14,13,74,23,2,61,3,4,15,14,8,36,22,51,16,4
644,51,M,retired,0,18,5,0,5,10,6,0,13,1,1,1,1,5,11,7,15,4,0
645,27,M,programmer,0,22,8,0,2,34,13,2,59,2,6,10,5,5,22,19,20,16,4
646,17,F,student,0,7,2,0,3,11,3,1,15,1,1,4,2,4,8,1,14,3,0
647,40,M,educator,0,27,14,3,4,17,4,0,18,1,0,0,4,3,15,7,15,4,3
648,43,M,engineer,0,98,56,10,25,114,14,0,67,5,2,35,11,11,42,50,58,26,6
649,20,M,student,0,15,8,1,1,3,3,0,7,0,0,0,0,1,4,7,8,4,0
650,42,M,engineer,0,89,58,12,28,87,19,2,102,5,9,25,25,12,47,53,59,33,9
651,65,M,retired,0,2,0,0,0,7,5,0,11,0,1,0,0,3,4,0,3,3,0
652,35,M,other,0,8,1,1,2,5,1,0,6,0,0,2,1,3,5,2,11,3,0
653,31,M,executive,0,88,42,2,15,90,23,2,103,5,5,17,7,14,38,44,66,27,7
654,27,F,student,0,40,20,12,11,51,10,0,53,2,1,1,7,5,37,16,40,7,1
655,50,F,healthcare,0,86,36,2,11,167,56,20,410,3,12,19,18,34,123,41,126,42,4
656,48,M,educator,0,4,0,0,0,6,4,0,17,0,1,0,0,4,3,1,6,3,0
657,26,F,none,0,5,3,1,2,8,5,0,14,0,1,0,0,2,3,3,5,3,1
658,33,M,programmer,0,14,10,3,4,19,10,1,37,0,2,1,1,3,9,10,14,10,1
659,31,M,educator,0,41,23,0,2,57,11,0,86,1,8,11,12,12,46,26,37,22,5
660,26,M,student,0,91,51,13,26,78,14,1,56,6,2,17,16,9,31,51,47,16,5
661,28,M,programmer,0,32,18,9,11,30,1,1,49,1,2,8,7,3,26,22,27,14,1
662,55,M,librarian,0,2,1,0,0,4,1,1,16,0,0,0,1,1,8,1,3,4,0
663,26,M,other,0,36,13,4,6,38,17,0,72,1,2,8,4,11,26,14,48,14,0
664,30,M,engineer,0,35,20,6,6,50,16,0,79,0,10,2,8,16,32,19,37,15,3
665,25,M,administrator,0,38,15,8,11,45,13,0,55,3,1,6,11,5,33,20,27,16,2
666,44,M,administrator,0,47,28,4,5,73,23,4,103,1,10,9,8,18,41,30,60,28,7
667,35,M,librarian,0,8,1,0,0,11,3,0,33,0,0,1,1,2,10,0,6,3,1
668,29,F,writer,0,15,14,3,3,13,6,0,16,0,1,3,4,6,7,8,14,4,1
669,37,M,other,0,26,16,4,3,26,12,0,49,0,3,2,1,8,19,18,26,18,1
670,30,M,technician,0,12,5,1,4,10,2,0,17,0,3,0,4,8,8,7,13,8,1
671,21,M,programmer,0,77,31,0,0,15,17,0,31,1,3,11,1,6,21,22,51,10,5
672,54,F,administrator,0,5,2,0,1,16,1,0,10,0,0,0,0,1,11,4,2,3,0
673,51,M,educator,0,6,0,0,0,7,4,0,20,0,1,3,0,5,5,1,12,3,0
674,13,F,student,0,18,11,1,5,14,1,0,12,0,0,1,1,1,8,6,14,4,0
675,34,M,other,0,2,1,0,0,7,1,0,28,0,0,0,0,2,4,2,3,4,0
676,30,M,programmer,0,27,13,5,7,27,4,0,26,1,1,3,4,4,14,10,22,14,0
677,20,M,other,0,11,8,4,6,15,4,0,18,0,0,4,2,3,8,6,12,4,0
678,50,M,educator,0,9,5,1,1,4,3,0,18,0,0,0,0,1,9,5,7,3,0
679,20,F,student,0,14,10,5,10,24,3,0,22,1,1,2,6,4,17,9,9,10,2
680,33,M,lawyer,0,9,5,3,2,15,4,0,17,0,0,0,1,0,9,5,7,5,1
681,44,F,marketing,0,2,2,1,5,4,0,0,11,0,0,2,2,2,4,2,5,3,0
682,23,M,programmer,0,124,53,10,21,136,37,4,137,5,6,20,16,14,61,42,89,29,10
683,42,M,librarian,0,16,7,1,5,12,15,0,42,2,2,4,3,10,12,6,26,8,0
684,28,M,student,0,16,12,4,9,50,3,1,21,1,0,2,2,0,27,11,12,6,2
685,32,F,librarian,0,1,0,0,0,4,5,0,9,0,2,1,2,5,6,0,6,1,0
686,32,M,educator,0,17,7,4,4,14,11,2,36,0,3,3,6,5,10,9,15,14,2
687,31,F,healthcare,0,6,0,0,0,6,1,0,6,0,0,2,1,1,7,1,10,3,0
688,37,F,administrator,0,4,2,0,2,5,7,0,7,0,1,3,0,3,2,0,12,2,0
689,25,M,other,0,19,9,2,3,9,1,0,9,0,0,0,1,3,7,12,13,5,0
690,35,M,salesman,0,23,9,3,5,66,10,0,28,1,2,4,5,2,24,6,25,6,5
691,34,M,educator,0,5,4,1,5,10,2,0,15,0,0,2,0,2,7,2,6,4,0
692,34,M,engineer,0,5,1,1,1,29,4,0,12,1,0,1,0,1,8,3,3,2,0
693,43,F,healthcare,0,48,21,2,5,16,14,2,81,2,5,5,8,9,19,20,46,19,2
694,60,M,programmer,0,34,24,2,8,36,8,2,68,3,6,6,13,8,32,23,26,25,8
695,26,M,writer,0,8,1,1,1,7,5,0,14,0,1,5,3,8,10,5,16,1,0
696,55,M,other,0,5,2,0,0,3,4,0,23,0,1,2,0,5,5,0,7,4,0
697,25,M,other,0,37,10,5,6,24,10,1,37,1,1,7,3,9,19,14,38,9,0
698,28,F,programmer,0,32,18,5,10,40,7,0,46,1,5,2,9,13,38,19,27,17,2
699,44,M,other,0,34,23,7,20,36,13,0,56,4,0,5,6,14,28,17,44,9,0
700,17,M,student,0,11,5,1,1,5,1,1,8,1,0,0,0,0,5,5,5,5,1
701,51,F,librarian,0,9,3,1,2,6,3,0,22,0,0,0,1,4,9,2,8,4,0
702,37,M,other,0,16,9,1,2,6,2,0,6,0,0,4,3,2,3,11,8,4,0
703,26,M,educator,0,14,7,3,4,17,4,0,18,0,0,2,2,2,8,8,12,5,0
704,51,F,librarian,0,12,10,1,3,27,5,0,47,0,6,2,4,8,20,8,13,12,3
705,21,F,student,0,59,42,7,24,31,4,0,28,4,1,1,7,2,20,25,23,10,1
706,23,M,student,0,9,7,1,1,6,4,0,11,0,0,2,0,2,4,4,12,5,0
707,56,F,librarian,0,10,9,2,6,80,11,6,145,0,5,4,10,13,59,3,18,17,1
708,26,F,homemaker,0,25,16,5,10,41,5,1,38,0,1,0,10,3,28,7,18,9,0
709,21,M,other,0,72,29,1,2,26,17,0,40,2,2,23,4,2,22,27,38,11,5
710,19,M,student,0,22,9,7,9,11,15,0,40,0,5,4,8,9,15,11,21,9,1
711,22,F,student,0,34,24,14,20,75,5,1,108,3,2,8,16,3,67,19,18,20,4
712,22,F,student,0,27,32,15,43,77,1,0,53,6,0,1,15,1,45,16,7,8,8
713,42,F,other,0,5,0,0,1,7,3,0,18,0,1,1,1,4,5,1,9,3,0
714,26,M,engineer,0,17,11,1,3,14,1,0,11,1,0,0,1,2,10,8,13,5,0
715,21,M,technician,0,65,28,7,6,56,17,0,47,1,1,9,6,3,32,33,44,16,5
716,36,F,administrator,0,54,40,13,26,86,13,1,101,4,7,9,25,15,58,25,38,33,8
717,24,M,technician,0,32,13,1,0,16,12,0,40,1,2,3,1,11,17,14,29,8,0
718,42,M,technician,0,16,7,2,1,13,1,0,11,1,0,0,1,1,8,4,16,4,0
719,37,F,other,0,12,7,2,2,17,3,0,38,1,1,1,3,2,15,5,15,6,2
720,49,F,administrator,0,1,1,0,1,10,2,0,19,0,1,0,1,3,9,1,5,2,0
721,24,F,entertainment,0,40,22,2,11,46,12,1,85,2,2,5,4,13,37,21,31,18,3
722,50,F,homemaker,0,11,5,0,1,12,5,0,13,0,1,2,0,7,6,2,16,3,0
723,26,M,executive,0,6,4,3,1,7,0,0,10,0,1,0,1,2,5,5,4,3,0
724,31,M,executive,0,17,8,2,5,20,9,0,34,1,2,6,4,8,17,5,25,7,0
725,21,M,student,0,8,2,0,0,7,1,0,9,0,0,1,0,3,7,4,11,4,0
726,25,F,administrator,0,4,3,1,2,16,1,0,4,1,0,0,0,0,4,2,4,0,0
727,25,M,student,0,132,66,17,23,104,25,0,82,8,1,26,15,11,59,55,69,25,12
728,58,M,executive,0,5,2,0,2,5,1,0,14,0,0,0,2,2,4,0,9,2,0
729,19,M,student,0,8,0,0,1,7,1,0,5,0,0,1,1,3,5,0,9,2,0
730,31,F,scientist,0,11,5,1,2,12,5,0,16,0,0,0,0,3,13,8,11,3,0
731,41,F,educator,0,8,7,3,8,27,6,1,42,0,2,1,7,5,26,4,9,6,2
732,28,F,other,0,2,1,0,2,6,1,0,9,0,0,1,1,2,4,0,5,3,0
733,44,F,other,0,14,6,2,3,19,11,2,71,1,1,1,0,7,22,5,18,7,1
734,25,F,other,0,16,13,2,6,14,2,0,28,1,0,1,8,3,24,9,12,7,1
735,29,F,healthcare,0,10,5,1,2,13,6,1,30,0,0,2,2,3,10,5,14,7,0
736,48,F,writer,0,9,5,1,1,5,4,0,10,0,0,0,2,2,9,3,4,4,0
737,30,M,programmer,0,8,3,2,1,7,6,1,16,0,1,0,2,0,1,7,5,3,0
738,35,M,technician,0,66,38,10,13,44,7,0,42,4,1,6,7,6,19,46,34,20,4
739,35,M,technician,0,11,7,1,3,5,5,0,15,0,0,1,1,3,12,5,13,8,2
740,25,F,educator,0,5,1,0,0,6,2,0,6,0,1,1,2,3,6,2,8,3,0
741,25,M,writer,0,31,15,1,4,40,8,1,39,1,1,4,4,3,33,12,27,11,1
742,35,M,student,0,8,5,1,1,7,3,0,13,0,0,0,0,1,5,7,4,2,0
743,31,M,programmer,0,8,2,1,2,8,3,0,17,1,1,1,1,2,6,4,11,5,0
744,35,M,marketing,0,5,2,1,1,6,6,0,14,0,2,1,0,4,4,1,9,3,0
745,42,M,writer,0,15,9,2,3,11,6,0,35,0,1,1,0,3,13,9,10,10,4
746,25,M,engineer,0,49,25,1,4,14,5,0,15,1,1,3,2,2,10,21,21,7,1
747,19,M,other,0,37,26,16,30,105,23,8,132,3,5,9,19,17,47,24,44,27,4
748,28,M,administrator,0,31,16,7,5,30,4,3,47,0,3,4,8,5,25,20,19,20,1
749,33,M,other,0,105,67,12,33,89,21,1,94,8,4,14,17,12,45,46,64,30,9
750,28,M,administrator,0,10,4,0,1,10,2,0,10,0,0,1,0,3,7,4,13,4,0
751,24,F,other,0,44,24,10,15,68,10,0,55,3,3,3,15,11,41,22,39,7,0
752,60,M,retired,0,12,6,0,3,17,7,1,36,0,1,4,1,8,10,6,24,5,2
753,56,M,salesman,0,17,6,1,2,11,5,0,29,0,5,2,1,3,11,8,14,11,2
754,59,F,librarian,0,7,3,0,2,7,4,0,17,0,0,1,0,3,6,0,12,2,1
755,44,F,educator,0,10,3,1,3,8,3,0,14,0,2,2,3,4,8,4,13,5,0
756,30,F,none,0,37,24,12,26,29,5,0,29,3,2,4,14,3,21,23,30,7,2
757,26,M,student,0,92,45,10,10,27,13,0,42,2,1,11,7,7,23,47,61,21,7
758,27,M,student,0,96,46,6,13,113,29,4,123,5,8,23,19,24,58,50,84,21,5
759,20,F,student,0,18,9,1,1,5,3,0,11,0,0,0,0,2,7,7,15,5,0
760,35,F,other,0,9,3,1,1,17,1,0,15,0,0,5,4,1,18,7,9,4,0
761,17,M,student,0,20,11,2,7,19,4,0,31,0,0,4,2,1,12,8,13,10,1
762,32,M,administrator,0,2,1,0,0,7,2,0,13,0,1,0,0,1,14,1,3,2,0
763,27,M,scientist,0,24,11,6,8,36,9,1,70,0,0,2,8,6,29,12,21,13,3
764,27,F,educator,0,24,17,10,13,33,5,0,45,3,2,1,11,4,28,9,30,10,0
765,31,M,student,0,3,3,0,1,8,2,1,15,0,0,0,0,0,7,2,0,4,0
766,42,M,other,0,37,25,5,14,55,10,0,68,3,3,16,21,7,33,21,19,18,4
767,70,M,engineer,0,10,4,2,3,11,3,0,18,1,1,1,2,2,9,5,10,5,1
768,29,M,administrator,0,15,10,1,2,24,6,0,28,0,0,3,0,2,17,6,14,6,0
769,39,M,executive,0,10,4,2,2,14,2,0,5,1,0,0,1,1,6,6,6,2,0
770,28,M,student,0,18,11,4,6,17,4,1,27,0,1,2,3,4,15,10,20,3,0
771,26,M,student,0,15,12,11,14,28,1,0,27,1,0,0,8,1,26,7,7,7,2
772,50,M,writer,0,12,3,0,2,5,5,0,14,0,1,2,0,6,5,3,18,4,0
773,20,M,student,0,44,21,9,5,57,17,1,61,2,1,13,4,6,24,29,27,10,3
774,30,M,student,0,83,46,6,10,62,17,1,69,4,4,28,9,6,29,42,49,22,6
775,46,M,executive,0,4,1,0,0,4,6,0,20,0,1,2,0,5,2,4,11,3,0
776,30,M,librarian,0,21,13,5,7,19,6,0,30,0,5,31,7,6,16,18,21,9,3
777,63,M,programmer,0,4,1,1,1,14,4,0,23,0,0,1,1,1,4,2,7,7,0
778,34,M,student,0,20,9,0,8,21,3,0,25,2,0,5,6,1,10,10,14,4,0
779,31,M,student,0,14,9,4,7,15,0,0,7,1,0,1,4,1,10,12,8,6,0
780,49,M,programmer,0,21,12,0,2,14,1,0,26,1,1,2,4,2,14,7,9,12,2
781,20,M,student,0,11,7,0,1,7,7,0,25,0,1,1,1,7,7,9,8,11,2
782,21,F,artist,0,46,23,3,17,70,24,2,92,3,3,10,6,15,41,16,53,12,0
783,30,M,marketing,0,8,2,0,0,8,4,0,10,0,1,4,0,5,4,5,9,2,0
784,47,M,administrator,0,9,4,0,1,3,9,0,22,0,2,1,0,8,6,4,15,4,0
785,32,M,engineer,0,8,2,1,2,9,3,0,8,1,0,2,1,0,5,5,8,4,1
786,36,F,engineer,0,34,20,10,14,31,5,0,49,1,2,4,12,4,31,18,14,16,3
787,18,F,student,0,12,4,0,3,12,5,0,26,1,2,4,3,7,15,3,18,6,0
788,51,M,administrator,0,83,43,3,12,45,24,1,105,3,4,14,10,11,32,35,69,33,15
789,29,M,other,0,4,3,1,2,11,6,0,22,0,0,1,0,1,7,2,6,3,0
790,27,M,technician,0,72,33,3,12,103,10,0,64,4,1,13,9,5,49,37,43,19,8
791,31,M,educator,0,6,4,0,2,5,5,0,9,0,2,1,2,4,8,2,10,4,0
792,40,M,programmer,0,11,6,2,5,11,6,0,22,0,0,0,2,3,7,3,13,2,1
793,22,M,student,0,19,10,2,2,14,10,1,21,0,1,3,0,1,6,11,18,4,0
794,32,M,educator,0,11,5,3,3,14,6,1,18,0,0,0,3,0,8,4,4,4,0
795,30,M,programmer,0,49,36,9,17,76,11,0,31,6,1,17,15,4,21,33,29,10,2
796,32,F,writer,0,104,54,9,31,110,21,1,129,4,5,20,18,24,87,44,83,23,5
797,44,F,other,0,9,4,0,2,11,5,0,6,0,0,1,0,3,10,4,6,4,0
798,40,F,writer,0,53,56,12,51,110,10,0,59,8,0,6,20,13,58,25,28,11,3
799,49,F,administrator,0,5,4,0,1,4,2,0,13,0,2,1,2,5,7,2,5,3,0
800,25,M,programmer,0,11,8,1,3,7,1,0,11,0,0,0,1,1,7,5,6,3,0
801,22,M,writer,0,11,4,0,1,5,4,0,6,0,2,6,0,5,4,4,13,3,0
802,35,M,administrator,0,19,7,0,3,8,6,0,17,0,4,34,0,7,5,15,25,5,1
803,70,M,administrator,0,6,2,1,5,10,2,0,13,0,0,1,2,3,6,3,10,4,0
804,39,M,educator,0,101,63,15,33,105,23,2,96,11,4,31,18,14,47,56,72,31,8
805,27,F,other,0,75,46,18,32,95,18,5,83,6,3,22,23,9,41,38,58,16,3
806,27,M,marketing,0,45,24,6,4,44,18,0,54,0,4,6,10,6,27,21,26,17,1
807,41,F,healthcare,0,88,68,28,52,49,9,2,47,7,3,3,30,6,28,39,37,20,7
808,45,M,salesman,0,6,1,0,0,2,5,0,13,0,1,1,0,4,6,3,11,3,0
809,50,F,marketing,0,6,1,0,0,1,3,0,11,0,2,1,2,5,5,1,12,2,0
810,55,F,other,0,9,2,0,3,12,1,0,6,0,0,1,1,5,4,0,9,3,0
811,40,F,educator,0,3,1,0,4,7,1,0,8,2,0,2,1,1,3,1,7,2,0
812,22,M,technician,0,8,1,0,1,4,2,0,7,0,1,2,1,4,4,1,12,3,0
813,14,F,student,0,9,7,1,5,9,1,0,8,1,0,1,2,2,3,3,5,3,0
814,30,M,other,0,9,3,0,0,3,5,0,6,0,1,25,0,0,1,7,13,0,0
815,32,M,other,0,45,31,18,28,46,4,0,70,4,2,13,21,10,30,34,28,22,3
816,34,M,other,0,10,3,0,2,5,2,0,7,0,0,2,0,4,2,6,13,4,0
817,19,M,student,0,21,8,1,1,3,5,0,13,0,0,2,1,5,3,6,16,2,1
818,28,M,librarian,0,8,2,0,0,3,3,0,11,0,1,1,0,4,5,2,9,4,0
819,59,M,administrator,0,4,2,0,2,9,5,0,14,0,1,0,1,3,8,1,5,3,1
820,22,M,student,0,7,2,1,1,3,1,0,7,0,1,3,2,4,5,5,10,2,0
821,37,M,engineer,0,15,14,5,10,16,3,1,28,1,1,1,6,2,14,3,10,7,2
822,29,F,librarian,0,5,4,12,8,14,1,0,1,0,0,1,7,2,2,6,6,1,0
823,27,M,artist,0,47,24,14,19,65,16,1,68,2,4,7,12,9,38,29,40,19,1
824,31,M,other,0,3,1,1,4,6,1,0,7,0,0,1,3,1,4,0,7,3,0
825,44,M,engineer,0,48,23,0,5,38,14,0,50,4,1,6,1,5,23,20,49,11,1
826,28,M,artist,0,78,35,20,20,17,16,0,21,1,1,6,11,1,17,30,28,12,5
827,23,F,engineer,0,8,2,0,0,7,4,0,15,0,1,2,1,3,5,3,11,4,0
828,28,M,librarian,0,11,5,0,0,22,7,0,72,1,1,3,2,5,30,5,17,5,1
829,48,M,writer,0,8,3,3,3,21,2,0,40,0,0,0,3,2,23,4,6,5,0
830,46,M,programmer,0,45,28,10,12,30,8,0,28,1,2,5,9,1,23,18,20,13,6
831,21,M,other,0,24,11,1,2,16,8,0,34,0,0,3,0,7,16,12,29,9,0
832,24,M,technician,0,11,2,0,1,5,2,0,7,0,0,4,0,5,7,5,11,6,0
833,34,M,writer,1,72,30,3,2,65,35,3,97,2,9,31,5,10,26,47,72,22,6
834,26,M,other,0,15,6,0,1,11,7,0,32,0,0,3,0,4,14,6,12,7,0
835,44,F,executive,0,17,9,2,7,17,6,0,61,1,4,7,9,6,18,10,16,9,1
836,44,M,artist,0,4,2,0,1,11,6,1,26,0,5,2,2,9,7,4,10,5,0
837,36,F,artist,0,5,4,1,3,17,1,0,23,1,0,0,2,1,18,4,2,2,0
838,23,M,student,0,29,18,8,7,33,9,0,34,1,1,0,7,5,25,19,16,11,0
839,38,F,entertainment,0,15,5,1,1,16,5,1,26,0,0,1,1,2,15,10,14,6,0
840,39,M,artist,0,32,24,7,12,54,13,5,85,1,10,9,13,15,38,22,34,24,4
841,45,M,doctor,0,10,3,0,1,3,3,1,13,1,1,3,0,4,6,5,17,3,0
842,40,M,writer,0,7,1,0,0,4,3,0,12,0,1,1,1,5,7,2,13,0,0
843,35,M,librarian,0,60,43,16,25,39,9,1,63,2,3,37,21,5,22,49,39,24,4
844,22,M,engineer,0,32,22,8,10,21,6,0,25,1,1,1,6,2,22,20,15,14,1
845,64,M,doctor,0,2,1,0,1,5,2,1,20,1,1,0,0,1,10,0,4,2,0
846,27,M,lawyer,0,88,56,12,35,132,28,1,161,7,11,25,22,15,78,43,59,36,16
847,29,M,student,0,31,20,11,20,57,6,1,39,3,1,11,12,5,27,29,24,13,0
848,46,M,engineer,0,29,28,6,15,50,5,3,58,4,5,5,14,11,33,19,20,22,3
849,15,F,student,0,9,3,2,2,0,0,0,10,0,0,4,2,0,6,4,6,3,0
850,34,M,technician,0,18,13,3,7,20,1,0,15,0,0,1,6,1,13,8,11,7,2
851,18,M,other,0,66,28,6,14,55,27,1,69,4,3,11,6,10,27,22,68,17,2
852,46,M,administrator,0,26,15,5,7,15,2,0,8,3,0,2,2,2,4,13,18,5,1
853,49,M,writer,0,11,5,0,3,6,7,0,16,0,2,3,0,8,5,5,19,6,0
854,29,F,student,0,42,24,1,6,56,19,3,105,3,5,7,4,19,42,27,52,18,3
855,53,M,librarian,0,2,1,0,0,4,0,0,19,0,0,0,0,1,7,3,2,0,1
856,43,F,marketing,0,7,0,0,0,6,3,0,16,0,0,1,1,5,5,2,10,4,0
857,35,F,administrator,0,3,2,0,3,7,3,0,10,1,0,0,0,1,6,1,4,1,0
858,63,M,educator,0,6,2,0,0,1,7,0,12,0,0,1,1,4,2,1,8,4,0
859,18,F,other,0,3,3,0,1,16,1,0,21,0,0,2,0,0,12,1,3,0,0
860,70,F,retired,0,7,2,0,1,36,7,0,38,0,1,1,2,6,20,2,11,4,0
861,38,F,student,0,0,1,0,1,14,1,0,30,0,0,0,2,0,17,1,0,2,0
862,25,M,executive,0,54,37,4,10,36,13,0,61,4,4,14,9,8,24,33,40,23,4
863,17,M,student,0,16,5,1,3,23,13,2,46,0,4,7,5,13,21,7,34,5,0
864,27,M,programmer,0,80,49,22,36,95,20,1,109,6,3,19,21,13,45,38,67,23,6
865,25,M,artist,0,21,12,17,13,21,5,1,13,2,1,2,10,3,5,11,14,5,0
866,45,M,other,0,2,0,0,0,5,1,0,13,0,1,0,1,1,4,0,3,0,0
867,24,M,scientist,0,33,16,2,5,14,6,1,45,1,2,1,4,6,16,23,30,21,2
868,21,M,programmer,0,65,41,16,24,73,13,0,59,3,1,15,14,5,35,40,37,19,10
869,30,M,student,0,6,4,2,2,20,3,0,23,1,0,1,2,1,12,4,6,3,0
870,22,M,student,0,43,17,4,5,88,25,3,124,1,9,10,6,19,57,18,72,27,8
871,31,M,executive,0,38,14,1,2,27,11,3,53,0,1,4,3,5,32,12,24,17,5
872,19,F,student,0,18,7,2,5,27,5,0,24,2,0,4,0,6,15,3,23,1,0
873,48,F,administrator,0,7,1,0,1,5,2,0,10,0,0,1,1,3,4,2,6,3,0
874,36,M,scientist,0,4,0,0,0,5,5,0,26,0,2,0,1,4,14,0,7,2,0
875,24,F,student,0,18,7,4,5,22,10,1,50,1,3,3,4,8,19,14,24,12,0
876,41,M,other,0,4,2,0,1,6,1,1,12,0,0,1,1,1,3,0,1,4,1
877,30,M,other,0,16,7,1,2,21,4,0,42,0,1,3,4,5,40,7,19,11,1
878,50,F,educator,0,14,14,5,12,45,5,1,76,1,1,1,9,3,51,11,6,14,3
879,33,F,administrator,0,11,7,2,4,9,1,0,8,0,0,0,1,1,9,4,6,3,0
880,13,M,student,0,117,51,10,27,154,43,1,109,6,5,16,11,16,50,45,88,22,10
881,39,M,marketing,0,68,55,16,43,83,15,0,78,8,4,13,21,9,45,36,51,28,5
882,35,M,engineer,0,42,26,13,27,45,3,0,42,3,1,8,13,5,26,25,25,14,4
883,49,M,librarian,0,53,27,3,7,97,24,4,124,1,4,8,5,15,75,25,52,20,4
884,44,M,engineer,0,5,1,0,0,5,2,0,32,0,0,0,0,1,11,2,6,1,1
885,30,F,other,0,21,14,15,23,46,5,0,35,2,0,1,17,3,25,11,12,8,1
886,20,M,student,0,80,34,5,11,84,25,3,91,3,2,12,8,5,41,31,56,22,4
887,14,F,student,0,39,40,17,43,61,8,2,47,7,1,8,19,1,19,28,22,11,2
888,41,M,scientist,0,1,0,0,0,10,1,1,9,0,0,0,0,1,11,0,1,4,0
889,24,M,technician,0,85,41,8,12,117,33,5,125,5,7,8,13,18,57,37,72,31,11
890,32,M,student,0,29,23,6,10,30,4,1,42,1,5,17,6,6,17,26,16,20,3
891,51,F,administrator,0,13,7,0,0,11,2,0,25,0,0,0,1,2,14,3,12,5,0
892,36,M,other,0,64,45,21,35,69,19,0,69,6,3,8,19,10,43,32,38,24,9
893,25,M,student,0,24,10,4,5,20,4,0,14,2,0,2,0,2,15,15,17,8,0
894,47,M,educator,0,37,16,1,1,50,22,3,146,2,4,4,3,18,54,19,56,18,1
895,31,F,librarian,0,7,5,1,2,8,1,0,4,0,0,1,0,1,8,3,6,2,0
896,28,M,writer,0,117,54,16,22,91,31,2,138,5,9,26,15,24,57,52,81,36,13
897,30,M,other,0,57,35,11,26,56,12,0,55,5,3,14,15,6,32,28,40,20,10
898,23,M,homemaker,0,10,2,0,2,9,5,0,12,0,1,2,1,6,6,5,10,2,0
899,32,M,other,0,48,25,4,7,40,6,1,48,1,1,3,6,6,32,21,30,20,6
900,60,M,retired,0,5,2,0,0,10,3,0,21,0,1,4,3,4,9,4,11,8,2
901,38,M,executive,0,37,30,3,24,56,4,0,28,2,1,4,7,3,27,25,17,13,2
902,45,F,artist,0,20,9,4,7,10,6,0,19,1,1,1,4,7,9,12,15,10,0
903,28,M,educator,0,25,10,3,3,35,20,2,67,1,3,6,3,7,13,12,29,14,2
904,17,F,student,0,5,4,0,0,22,1,0,17,0,0,2,3,3,36,1,8,2,1
905,27,M,other,0,10,1,0,0,10,5,0,21,0,1,0,1,5,9,2,16,4,0
906,45,M,librarian,0,5,2,3,1,4,9,0,27,0,1,1,1,3,9,3,11,5,0
907,25,F,other,0,27,15,3,7,45,9,1,70,1,0,5,4,9,40,10,32,15,1
908,44,F,librarian,0,16,6,0,3,20,8,1,29,2,5,6,2,7,17,11,25,11,0
909,50,F,educator,0,3,0,0,1,5,0,0,21,0,0,1,2,1,6,0,2,3,0
910,28,M,healthcare,0,27,13,1,1,7,12,0,27,0,0,3,1,4,9,10,24,6,0
911,37,F,writer,0,16,16,11,21,35,2,0,32,2,2,4,16,6,19,10,10,9,2
912,51,M,other,0,6,8,2,5,16,5,0,22,1,3,3,8,4,13,6,6,6,3
913,27,M,student,0,32,20,11,13,35,11,0,53,1,4,8,12,4,21,27,28,14,1
914,44,F,other,0,1,0,0,0,13,0,0,12,0,0,0,2,0,21,0,1,0,0
915,50,M,entertainment,0,5,1,0,1,4,4,0,13,0,2,2,0,5,4,3,11,1,0
916,27,M,engineer,0,86,46,5,9,95,24,1,134,6,3,12,12,8,64,43,74,31,8
917,22,F,student,0,6,2,2,2,11,4,0,18,0,0,0,2,3,11,2,7,4,0
918,40,M,scientist,0,7,7,1,6,40,2,2,54,1,3,2,7,4,28,6,5,11,0
919,25,M,other,0,38,22,9,24,61,14,1,108,5,1,12,11,14,46,21,51,15,0
920,30,F,artist,0,5,1,0,0,2,5,0,15,0,2,3,0,6,6,2,13,2,0
921,20,F,student,0,34,32,6,20,42,4,0,33,7,1,2,5,6,27,19,15,10,1
922,29,F,administrator,0,45,29,8,12,47,7,0,31,2,1,10,14,3,28,31,19,13,2
923,21,M,student,0,25,13,1,2,18,12,0,25,2,1,3,0,6,12,9,26,4,0
924,29,M,other,0,22,13,4,2,15,10,1,41,1,0,2,3,1,19,11,18,11,1
925,18,F,salesman,0,4,0,0,0,2,5,0,12,1,1,14,0,5,3,1,16,1,0
926,49,M,entertainment,0,3,0,0,0,3,1,0,13,0,1,1,1,2,3,1,7,2,0
927,23,M,programmer,0,34,25,14,27,57,6,0,21,5,0,3,11,3,24,20,19,4,0
928,21,M,student,0,10,5,1,2,9,2,1,15,0,0,1,0,5,9,4,8,2,0
929,44,M,scientist,0,14,5,1,3,9,6,1,27,1,3,1,2,4,8,10,13,12,2
930,28,F,scientist,0,18,9,2,3,25,2,0,24,1,0,1,2,1,15,8,10,9,0
931,60,M,educator,0,16,6,0,1,13,5,1,35,0,1,0,1,3,14,9,13,10,0
932,58,M,educator,0,48,39,7,11,64,10,4,92,3,8,16,7,15,35,32,37,24,11
933,28,M,student,0,71,30,2,6,71,18,0,54,2,3,15,9,4,23,34,33,20,9
934,61,M,engineer,0,38,25,6,15,63,9,2,68,4,4,7,19,8,36,27,21,15,5
935,42,M,doctor,0,15,8,1,1,9,3,0,18,0,0,0,0,1,12,3,11,4,0
936,24,M,other,0,27,13,1,4,48,13,2,68,0,0,3,3,7,31,14,28,5,0
937,48,M,educator,0,6,3,1,2,12,2,1,25,0,0,0,0,1,9,3,4,4,0
938,38,F,technician,0,35,17,5,11,40,6,0,32,2,1,4,4,5,21,15,32,8,1
939,26,F,student,0,18,10,1,1,15,3,0,18,1,0,1,1,1,10,8,12,3,0
940,32,M,administrator,0,23,12,2,5,42,7,0,48,0,3,4,7,3,24,19,20,15,0
941,20,M,student,0,10,7,3,2,7,1,0,5,0,0,0,1,1,1,8,7,1,0
942,48,F,librarian,0,18,11,4,13,22,0,0,31,2,1,3,5,9,17,6,20,10,3
943,22,M,student,0,64,35,2,9,56,18,0,57,2,0,14,4,3,33,22,35,15,9
